"","ID_CPTE","Default"
"1",10074849,0
"2",10086539,0
"3",10140908,1
"4",10147994,0
"5",10152808,0
"6",10153124,0
"7",10155947,0
"8",10184787,0
"9",10208611,0
"10",10211370,0
"11",10234434,0
"12",10250516,0
"13",10283617,0
"14",10352558,0
"15",10360546,0
"16",10400778,0
"17",10422353,0
"18",10445885,0
"19",10456836,0
"20",10457314,0
"21",10458286,0
"22",10461050,0
"23",10482423,0
"24",10491253,0
"25",10496971,0
"26",10501380,0
"27",10511181,0
"28",10521098,0
"29",10552161,0
"30",10566728,1
"31",10567310,1
"32",10568979,0
"33",10570323,0
"34",10574791,0
"35",10605841,0
"36",10613297,0
"37",10621039,0
"38",10628526,1
"39",10638145,0
"40",10653165,0
"41",10653245,1
"42",10655966,0
"43",10659296,0
"44",10680173,0
"45",10710620,0
"46",10730817,0
"47",10747934,0
"48",10770155,0
"49",10779648,0
"50",10809898,0
"51",10813722,0
"52",10860622,1
"53",10888272,0
"54",10901261,0
"55",10949115,0
"56",10970954,0
"57",10994148,0
"58",11003622,1
"59",11019865,0
"60",11046088,1
"61",11060123,0
"62",11080494,0
"63",11088572,0
"64",11119995,0
"65",11123945,0
"66",11138026,1
"67",11161135,0
"68",11163410,0
"69",11177142,0
"70",11195216,0
"71",11213741,0
"72",11230608,0
"73",11237341,0
"74",11256074,0
"75",11260697,0
"76",11295517,0
"77",11318694,0
"78",11389745,0
"79",11402628,0
"80",11404723,0
"81",11405414,0
"82",11437470,0
"83",11478454,0
"84",11483578,1
"85",11487644,0
"86",11500471,0
"87",11502063,0
"88",11503093,0
"89",11515639,0
"90",11529742,0
"91",11563105,0
"92",11563234,0
"93",11587925,0
"94",11614264,0
"95",11624915,1
"96",11638807,0
"97",11659194,1
"98",11665681,0
"99",11684497,0
"100",11686399,0
"101",11687764,0
"102",11690683,0
"103",11693467,0
"104",11694955,0
"105",11729879,0
"106",11752561,0
"107",11796740,0
"108",11803485,0
"109",11815650,0
"110",11819625,0
"111",11837286,0
"112",11838142,0
"113",11853859,0
"114",11899817,0
"115",11919186,0
"116",11938973,0
"117",11941222,0
"118",11958724,0
"119",11958799,0
"120",12000296,0
"121",12033356,0
"122",12058502,1
"123",12148635,0
"124",12158823,1
"125",12176660,0
"126",12193114,0
"127",12209679,0
"128",12222996,0
"129",12228241,0
"130",12234011,0
"131",12247846,0
"132",12253907,0
"133",12266352,0
"134",12268923,0
"135",12280108,0
"136",12296342,0
"137",12327786,0
"138",12357726,0
"139",12406827,0
"140",12407857,0
"141",12431442,0
"142",12440207,0
"143",12443109,0
"144",12443449,0
"145",12450773,0
"146",12455317,1
"147",12457247,0
"148",12504877,0
"149",12507784,1
"150",12509735,0
"151",12510722,0
"152",12588040,0
"153",12631167,0
"154",12638687,0
"155",12670529,0
"156",12674901,0
"157",12681551,0
"158",12691891,0
"159",12705249,0
"160",12736719,0
"161",12754894,0
"162",12759649,0
"163",12768522,0
"164",12794228,0
"165",12811200,0
"166",12817588,0
"167",12819536,0
"168",12823008,0
"169",12842952,0
"170",12843752,0
"171",12853134,0
"172",12855317,0
"173",12889996,0
"174",12903198,0
"175",12907643,0
"176",12908200,0
"177",12934767,1
"178",12935527,0
"179",12970823,0
"180",12991600,0
"181",13014052,0
"182",13020803,0
"183",13021889,0
"184",13022651,0
"185",13040161,0
"186",13075249,0
"187",13099118,0
"188",13146590,0
"189",13155529,0
"190",13168277,0
"191",13196299,0
"192",13197340,1
"193",13218979,0
"194",13225642,0
"195",13250752,1
"196",13277313,0
"197",13277822,0
"198",13323874,0
"199",13324898,0
"200",13347578,0
"201",13356471,0
"202",13360829,0
"203",13361843,0
"204",13366911,0
"205",13367909,0
"206",13386690,0
"207",13424956,0
"208",13427995,1
"209",13444270,1
"210",13453327,0
"211",13475309,0
"212",13496345,0
"213",13503090,0
"214",13555047,0
"215",13559691,0
"216",13577470,0
"217",13593130,1
"218",13635632,0
"219",13670114,0
"220",13670758,0
"221",13671141,0
"222",13677899,0
"223",13706503,0
"224",13718838,0
"225",13742639,0
"226",13746059,0
"227",13772493,0
"228",13778147,0
"229",13787120,0
"230",13860005,0
"231",13916008,0
"232",13918683,0
"233",13946000,0
"234",13948731,0
"235",13950715,0
"236",13950747,1
"237",13974712,0
"238",13986581,0
"239",13999035,0
"240",14004462,0
"241",14021817,0
"242",14023293,0
"243",14053880,0
"244",14056676,0
"245",14059552,0
"246",14071203,0
"247",14073953,0
"248",14085121,0
"249",14099010,0
"250",14103078,0
"251",14140936,0
"252",14164110,0
"253",14179737,0
"254",14215309,0
"255",14215392,1
"256",14223598,0
"257",14230923,1
"258",14265953,0
"259",14278214,0
"260",14314370,0
"261",14324818,0
"262",14355674,1
"263",14387097,0
"264",14391958,1
"265",14408693,1
"266",14441948,0
"267",14446708,0
"268",14506439,0
"269",14507742,0
"270",14522841,0
"271",14536275,0
"272",14571094,0
"273",14609744,1
"274",14610765,0
"275",14623921,0
"276",14624657,0
"277",14642958,0
"278",14647790,0
"279",14659824,0
"280",14664882,0
"281",14670083,0
"282",14714805,0
"283",14729797,0
"284",14741404,0
"285",14745382,0
"286",14763519,0
"287",14776982,0
"288",14787040,0
"289",14788698,1
"290",14795627,0
"291",14798577,0
"292",14839216,0
"293",14855739,0
"294",14919350,0
"295",14939560,0
"296",14966073,0
"297",15011508,0
"298",15012472,0
"299",15049774,0
"300",15067701,0
"301",15078407,0
"302",15080687,0
"303",15113347,0
"304",15144802,0
"305",15157721,0
"306",15161671,0
"307",15175114,0
"308",15188540,0
"309",15275975,0
"310",15299465,0
"311",15306079,0
"312",15307149,0
"313",15316382,1
"314",15317201,0
"315",15335995,0
"316",15390883,0
"317",15403268,0
"318",15407632,0
"319",15439727,0
"320",15452825,0
"321",15458819,0
"322",15459267,0
"323",15493676,0
"324",15516593,0
"325",15522635,0
"326",15522884,0
"327",15527321,0
"328",15528078,0
"329",15528272,0
"330",15551810,0
"331",15576366,0
"332",15584595,1
"333",15608561,0
"334",15608737,0
"335",15656292,0
"336",15656563,0
"337",15659120,0
"338",15674618,0
"339",15690366,0
"340",15696832,0
"341",15699273,0
"342",15732177,1
"343",15750689,0
"344",15770128,0
"345",15779339,1
"346",15791577,0
"347",15791865,0
"348",15796244,0
"349",15808810,0
"350",15851377,0
"351",15857580,0
"352",15868310,0
"353",15876586,0
"354",15899393,0
"355",15948881,0
"356",15961799,0
"357",15961871,0
"358",15962319,0
"359",15986841,0
"360",15987025,0
"361",15995870,0
"362",16024852,0
"363",16064438,1
"364",16069600,0
"365",16078875,0
"366",16088194,0
"367",16128549,0
"368",16153539,0
"369",16176944,0
"370",16177868,0
"371",16202781,0
"372",16209459,0
"373",16231071,0
"374",16240468,0
"375",16253258,0
"376",16259254,0
"377",16264191,0
"378",16272758,0
"379",16310098,0
"380",16327927,0
"381",16341614,0
"382",16344023,0
"383",16371501,1
"384",16388554,0
"385",16398613,0
"386",16424431,0
"387",16428255,1
"388",16428309,0
"389",16441791,0
"390",16443718,0
"391",16460124,0
"392",16474498,0
"393",16483411,0
"394",16487598,0
"395",16494454,0
"396",16521638,0
"397",16589927,0
"398",16634325,1
"399",16658001,0
"400",16670534,0
"401",16689907,0
"402",16721594,0
"403",16736886,0
"404",16815885,0
"405",16839817,0
"406",16893817,0
"407",16897670,0
"408",16922155,0
"409",16970209,0
"410",16977655,0
"411",16987301,0
"412",17005493,0
"413",17081678,0
"414",17086307,0
"415",17096384,0
"416",17130602,0
"417",17161422,0
"418",17171650,0
"419",17216427,0
"420",17274555,0
"421",17280242,0
"422",17286568,0
"423",17323984,0
"424",17324064,0
"425",17328822,0
"426",17363557,0
"427",17369975,0
"428",17384972,0
"429",17406545,0
"430",17406690,0
"431",17410951,1
"432",17423797,0
"433",17446413,0
"434",17492116,0
"435",17521195,0
"436",17534374,0
"437",17542311,0
"438",17547185,0
"439",17551739,0
"440",17564391,0
"441",17608448,0
"442",17659751,1
"443",17681873,0
"444",17687497,0
"445",17693944,0
"446",17712953,0
"447",17751309,0
"448",17782946,0
"449",17786080,0
"450",17797027,0
"451",17798822,0
"452",17822667,0
"453",17882927,0
"454",17908962,0
"455",17922285,0
"456",17940953,0
"457",17952001,0
"458",17953135,0
"459",17959338,0
"460",17966626,0
"461",17967650,0
"462",17975653,0
"463",17975938,0
"464",17988053,0
"465",18050859,1
"466",18052475,0
"467",18066518,0
"468",18082474,0
"469",18109025,0
"470",18109747,0
"471",18110563,0
"472",18220933,0
"473",18231612,0
"474",18239888,0
"475",18307006,0
"476",18308715,0
"477",18311788,0
"478",18313863,0
"479",18322096,0
"480",18352717,0
"481",18353515,0
"482",18363503,0
"483",18366672,0
"484",18377473,0
"485",18394124,0
"486",18400638,0
"487",18410777,0
"488",18416841,0
"489",18426133,0
"490",18443305,0
"491",18447986,0
"492",18464790,0
"493",18474154,0
"494",18479945,0
"495",18507184,0
"496",18512921,0
"497",18523202,0
"498",18524601,0
"499",18535424,1
"500",18570268,0
"501",18603371,0
"502",18604780,0
"503",18613831,0
"504",18619286,0
"505",18627458,0
"506",18639328,0
"507",18641558,0
"508",18654864,0
"509",18673221,0
"510",18701292,0
"511",18756929,0
"512",18770941,0
"513",18786115,1
"514",18792143,0
"515",18797827,0
"516",18798263,0
"517",18802224,0
"518",18803896,0
"519",18804258,0
"520",18810659,0
"521",18855113,0
"522",18856868,0
"523",18867060,0
"524",18888677,0
"525",18924352,0
"526",18931488,0
"527",18942211,0
"528",18949514,0
"529",18961767,0
"530",18998020,0
"531",19006192,0
"532",19022195,1
"533",19022374,0
"534",19075259,1
"535",19139802,1
"536",19153222,0
"537",19165005,0
"538",19183191,0
"539",19206921,0
"540",19207731,0
"541",19214477,0
"542",19222013,0
"543",19231739,0
"544",19234659,0
"545",19245451,0
"546",19258043,0
"547",19285497,0
"548",19314677,1
"549",19317686,0
"550",19327760,0
"551",19345845,0
"552",19349030,0
"553",19362123,0
"554",19372751,0
"555",19374236,0
"556",19377038,0
"557",19384629,0
"558",19395882,0
"559",19409632,0
"560",19414004,0
"561",19435513,1
"562",19491820,0
"563",19511976,0
"564",19526013,0
"565",19538969,0
"566",19548374,0
"567",19549563,0
"568",19567381,1
"569",19575527,0
"570",19600278,0
"571",19604662,0
"572",19621395,1
"573",19658787,0
"574",19667117,0
"575",19674165,0
"576",19674957,0
"577",19700120,0
"578",19702532,0
"579",19712250,1
"580",19717110,1
"581",19721361,0
"582",19723079,0
"583",19737709,0
"584",19838828,0
"585",19854509,1
"586",19883220,0
"587",19921212,0
"588",19924879,0
"589",19928553,0
"590",19942582,0
"591",19956162,0
"592",19963369,0
"593",19979496,0
"594",19993600,0
"595",20002314,0
"596",20003168,0
"597",20036916,0
"598",20074454,0
"599",20083342,0
"600",20109784,0
"601",20135156,0
"602",20193611,0
"603",20207418,0
"604",20219637,0
"605",20227260,0
"606",20229007,0
"607",20238233,0
"608",20248255,0
"609",20258519,0
"610",20289135,0
"611",20332722,0
"612",20362092,0
"613",20378666,0
"614",20396637,0
"615",20400220,0
"616",20408531,0
"617",20420096,0
"618",20525996,0
"619",20564446,0
"620",20582136,0
"621",20603310,0
"622",20652971,1
"623",20676235,0
"624",20733584,1
"625",20743528,0
"626",20760224,1
"627",20768972,0
"628",20769550,0
"629",20781466,0
"630",20829840,0
"631",20848541,0
"632",20910637,0
"633",20932657,0
"634",20942070,0
"635",20945076,1
"636",20970936,0
"637",20979329,0
"638",20983782,1
"639",20987505,0
"640",21024348,0
"641",21060836,1
"642",21085927,0
"643",21118850,1
"644",21119842,0
"645",21174914,0
"646",21211783,0
"647",21214769,0
"648",21224559,0
"649",21228384,0
"650",21233109,0
"651",21266172,0
"652",21270744,0
"653",21302198,0
"654",21313046,0
"655",21365335,0
"656",21391355,0
"657",21414750,0
"658",21436041,0
"659",21444953,0
"660",21473851,0
"661",21474127,0
"662",21491350,0
"663",21502041,0
"664",21523309,0
"665",21559608,0
"666",21561355,0
"667",21596940,0
"668",21598298,0
"669",21610439,0
"670",21629907,0
"671",21655908,0
"672",21670709,0
"673",21679657,0
"674",21684550,0
"675",21722788,0
"676",21748156,0
"677",21762689,0
"678",21777152,0
"679",21825090,0
"680",21843223,1
"681",21859913,0
"682",21865104,0
"683",21885516,0
"684",21896369,0
"685",21907269,0
"686",21930242,0
"687",21935444,1
"688",21970860,0
"689",22064519,0
"690",22079983,1
"691",22082201,0
"692",22108455,0
"693",22119570,0
"694",22122383,0
"695",22142976,0
"696",22180148,0
"697",22200623,1
"698",22216036,0
"699",22221119,0
"700",22221147,0
"701",22243395,0
"702",22277998,0
"703",22286945,0
"704",22317837,0
"705",22343935,0
"706",22421775,1
"707",22427013,0
"708",22467211,0
"709",22488733,1
"710",22489514,0
"711",22529386,0
"712",22536222,0
"713",22555458,0
"714",22577089,0
"715",22654934,0
"716",22662574,0
"717",22664236,0
"718",22672937,0
"719",22722324,0
"720",22785153,0
"721",22792824,0
"722",22839123,0
"723",22839553,1
"724",22877681,0
"725",22889889,0
"726",22889983,0
"727",22897168,0
"728",22912742,0
"729",22932093,1
"730",22932340,0
"731",22940859,0
"732",22957822,0
"733",22972288,0
"734",22987118,0
"735",22990322,0
"736",23028843,0
"737",23086876,0
"738",23129730,0
"739",23132317,0
"740",23141152,0
"741",23147800,0
"742",23155048,0
"743",23157973,0
"744",23164680,0
"745",23167678,0
"746",23170865,0
"747",23221654,0
"748",23236436,0
"749",23256142,0
"750",23261045,0
"751",23264072,0
"752",23292088,0
"753",23299307,0
"754",23332467,0
"755",23377571,0
"756",23423317,0
"757",23436290,0
"758",23445439,0
"759",23454638,0
"760",23463570,1
"761",23474169,0
"762",23487967,0
"763",23488209,0
"764",23503994,0
"765",23505032,0
"766",23507299,0
"767",23508909,0
"768",23515813,0
"769",23524954,0
"770",23528455,0
"771",23530538,0
"772",23558830,0
"773",23558966,0
"774",23586175,0
"775",23618666,0
"776",23623492,0
"777",23639638,0
"778",23661411,0
"779",23674015,0
"780",23689556,0
"781",23716630,0
"782",23719045,0
"783",23722264,0
"784",23728040,0
"785",23750832,0
"786",23764386,1
"787",23793647,0
"788",23820277,0
"789",23823203,0
"790",23836161,0
"791",23859819,0
"792",23879794,0
"793",23901556,0
"794",23911528,0
"795",23918704,0
"796",23923758,1
"797",23932245,0
"798",23936563,0
"799",23961652,0
"800",23973418,0
"801",23987173,0
"802",24006092,0
"803",24041593,0
"804",24058348,0
"805",24066354,0
"806",24130648,1
"807",24131456,0
"808",24144093,0
"809",24146879,0
"810",24163509,0
"811",24178503,0
"812",24187642,0
"813",24196187,0
"814",24203031,0
"815",24209121,0
"816",24238728,0
"817",24275271,0
"818",24278677,0
"819",24280128,0
"820",24289780,0
"821",24313974,0
"822",24314541,0
"823",24317053,1
"824",24326503,0
"825",24342411,0
"826",24346035,0
"827",24410127,0
"828",24428261,0
"829",24428971,0
"830",24453918,0
"831",24474988,0
"832",24499845,0
"833",24502493,1
"834",24525908,0
"835",24545424,0
"836",24561836,0
"837",24565167,0
"838",24573075,0
"839",24576977,0
"840",24591940,0
"841",24592254,0
"842",24596561,0
"843",24612643,0
"844",24624214,0
"845",24627185,0
"846",24647339,0
"847",24655135,0
"848",24663782,0
"849",24665539,0
"850",24711451,0
"851",24737403,0
"852",24742343,0
"853",24759037,0
"854",24766437,0
"855",24771017,0
"856",24772393,0
"857",24801623,0
"858",24806123,0
"859",24814088,0
"860",24847947,0
"861",24857641,0
"862",24873324,0
"863",24890859,0
"864",24896252,0
"865",24908259,0
"866",24909285,0
"867",24944158,0
"868",24962046,0
"869",24979023,0
"870",24993738,1
"871",25018111,0
"872",25024421,1
"873",25031520,0
"874",25038601,1
"875",25059197,0
"876",25090970,0
"877",25116796,0
"878",25138527,0
"879",25162605,0
"880",25181645,0
"881",25193636,1
"882",25195883,0
"883",25253859,0
"884",25259935,0
"885",25261258,0
"886",25269783,0
"887",25270603,0
"888",25288693,0
"889",25289549,0
"890",25297546,0
"891",25323158,0
"892",25325547,0
"893",25344061,0
"894",25350620,0
"895",25363709,1
"896",25365986,0
"897",25464400,0
"898",25470015,0
"899",25471508,0
"900",25473875,0
"901",25484152,0
"902",25489487,1
"903",25531833,0
"904",25532467,0
"905",25538613,0
"906",25540792,0
"907",25642790,0
"908",25643004,0
"909",25650932,0
"910",25696773,0
"911",25698690,0
"912",25707929,0
"913",25724194,0
"914",25746090,0
"915",25759185,0
"916",25771169,0
"917",25801979,0
"918",25827697,0
"919",25838020,0
"920",25841839,0
"921",25850765,0
"922",25865941,0
"923",25896121,0
"924",25911457,0
"925",25926111,0
"926",25933613,0
"927",25934803,0
"928",25958045,0
"929",25963406,0
"930",26037107,0
"931",26045891,0
"932",26054707,0
"933",26069143,0
"934",26089094,0
"935",26101309,0
"936",26122251,0
"937",26196120,0
"938",26208371,0
"939",26211402,0
"940",26227365,0
"941",26253463,0
"942",26282740,0
"943",26283463,0
"944",26321985,0
"945",26325694,0
"946",26340144,0
"947",26351556,1
"948",26355394,0
"949",26355576,0
"950",26387662,0
"951",26408351,0
"952",26450824,0
"953",26454580,0
"954",26499429,0
"955",26510682,0
"956",26521337,0
"957",26535972,0
"958",26543074,0
"959",26573733,1
"960",26583778,0
"961",26592438,0
"962",26644788,0
"963",26645877,0
"964",26661253,0
"965",26670421,0
"966",26717081,0
"967",26741220,0
"968",26750165,0
"969",26764624,0
"970",26789488,0
"971",26796156,0
"972",26808256,0
"973",26819919,0
"974",26823948,0
"975",26824980,0
"976",26845023,0
"977",26859360,0
"978",26897009,0
"979",26906189,0
"980",26908643,0
"981",26929732,0
"982",26962328,0
"983",26970644,0
"984",26994230,0
"985",27000763,0
"986",27011614,0
"987",27019104,0
"988",27090467,0
"989",27120573,0
"990",27132867,0
"991",27155901,0
"992",27193835,0
"993",27217714,0
"994",27224834,0
"995",27226885,0
"996",27230833,0
"997",27235731,0
"998",27286122,0
"999",27328653,0
"1000",27354998,0
"1001",27386583,0
"1002",27392830,0
"1003",27396763,0
"1004",27407764,0
"1005",27415880,1
"1006",27416896,0
"1007",27419205,0
"1008",27435986,0
"1009",27443333,0
"1010",27471702,0
"1011",27492382,0
"1012",27501927,0
"1013",27530040,0
"1014",27532056,0
"1015",27541852,0
"1016",27544469,0
"1017",27594601,0
"1018",27598351,0
"1019",27620692,0
"1020",27725194,0
"1021",27748185,0
"1022",27763860,0
"1023",27821304,0
"1024",27821597,0
"1025",27836952,0
"1026",27842912,1
"1027",27850916,1
"1028",27909191,0
"1029",27948559,0
"1030",27959810,0
"1031",27963169,0
"1032",27995508,0
"1033",28004398,0
"1034",28008130,0
"1035",28030841,0
"1036",28045430,0
"1037",28049322,0
"1038",28060064,0
"1039",28096378,0
"1040",28116804,0
"1041",28125534,0
"1042",28139864,0
"1043",28151328,0
"1044",28164671,0
"1045",28201661,1
"1046",28206312,0
"1047",28217453,0
"1048",28270461,1
"1049",28278770,0
"1050",28290462,0
"1051",28344133,0
"1052",28369143,0
"1053",28373840,0
"1054",28410127,0
"1055",28410646,0
"1056",28410729,0
"1057",28435449,1
"1058",28435875,0
"1059",28454452,0
"1060",28459869,0
"1061",28468789,0
"1062",28491977,0
"1063",28512134,0
"1064",28538133,1
"1065",28542874,0
"1066",28545112,0
"1067",28570749,1
"1068",28571859,0
"1069",28587117,1
"1070",28611157,0
"1071",28612963,0
"1072",28615564,0
"1073",28618293,0
"1074",28669267,0
"1075",28670790,0
"1076",28693567,0
"1077",28697917,0
"1078",28731124,0
"1079",28841546,0
"1080",28849431,0
"1081",28864682,0
"1082",28877777,0
"1083",28889690,0
"1084",28914072,0
"1085",28935498,0
"1086",28944032,0
"1087",28949045,0
"1088",28969753,0
"1089",29002798,1
"1090",29006630,0
"1091",29056857,1
"1092",29069378,0
"1093",29087026,0
"1094",29087622,0
"1095",29117477,0
"1096",29117816,0
"1097",29126211,0
"1098",29129576,0
"1099",29146287,0
"1100",29160671,0
"1101",29164937,0
"1102",29167581,0
"1103",29180821,0
"1104",29220604,0
"1105",29228787,0
"1106",29259183,0
"1107",29259634,0
"1108",29264776,0
"1109",29267440,0
"1110",29300733,0
"1111",29341866,0
"1112",29363118,0
"1113",29379708,0
"1114",29383575,0
"1115",29392865,0
"1116",29439107,0
"1117",29444808,0
"1118",29446271,1
"1119",29466639,1
"1120",29472694,0
"1121",29482897,0
"1122",29485884,1
"1123",29504049,0
"1124",29548173,0
"1125",29554418,1
"1126",29579996,0
"1127",29585295,0
"1128",29605592,1
"1129",29607649,0
"1130",29657277,0
"1131",29665126,0
"1132",29674134,0
"1133",29675636,0
"1134",29710804,0
"1135",29736710,0
"1136",29761072,0
"1137",29794206,0
"1138",29799959,0
"1139",29808425,0
"1140",29854952,0
"1141",29862331,0
"1142",29873304,0
"1143",29893145,0
"1144",29894516,0
"1145",29902593,0
"1146",29932219,0
"1147",29987270,0
"1148",30000191,0
"1149",30026343,0
"1150",30062645,0
"1151",30064767,0
"1152",30076570,0
"1153",30076860,0
"1154",30081574,0
"1155",30094715,0
"1156",30111186,0
"1157",30113557,0
"1158",30123058,0
"1159",30146270,0
"1160",30163828,0
"1161",30194469,0
"1162",30202836,0
"1163",30228869,0
"1164",30238715,1
"1165",30247294,0
"1166",30267911,0
"1167",30269004,0
"1168",30271651,0
"1169",30280447,0
"1170",30295893,0
"1171",30300244,0
"1172",30304005,0
"1173",30307319,0
"1174",30308229,0
"1175",30317779,1
"1176",30337310,0
"1177",30337375,0
"1178",30365376,0
"1179",30391838,0
"1180",30408938,0
"1181",30432230,1
"1182",30447103,0
"1183",30473315,0
"1184",30482168,0
"1185",30524410,0
"1186",30544762,0
"1187",30564543,0
"1188",30569832,0
"1189",30593968,0
"1190",30634743,0
"1191",30649907,0
"1192",30705431,0
"1193",30717605,0
"1194",30717677,0
"1195",30723649,0
"1196",30730373,0
"1197",30740679,0
"1198",30758559,0
"1199",30762158,0
"1200",30792866,0
"1201",30804492,0
"1202",30817260,0
"1203",30834252,0
"1204",30844729,0
"1205",30845089,0
"1206",30845407,0
"1207",30932422,0
"1208",30958693,0
"1209",30963959,0
"1210",30964938,1
"1211",30974856,0
"1212",30983786,0
"1213",31009438,0
"1214",31031922,0
"1215",31038161,0
"1216",31069641,0
"1217",31092004,0
"1218",31095533,0
"1219",31096552,1
"1220",31098850,0
"1221",31109233,1
"1222",31118236,0
"1223",31138838,1
"1224",31145068,1
"1225",31145797,0
"1226",31205164,0
"1227",31317777,0
"1228",31391287,0
"1229",31424518,0
"1230",31438574,0
"1231",31466114,1
"1232",31496694,0
"1233",31505786,0
"1234",31509343,0
"1235",31527540,0
"1236",31531953,0
"1237",31534870,0
"1238",31538037,0
"1239",31541972,0
"1240",31550165,0
"1241",31562129,0
"1242",31604834,0
"1243",31671199,0
"1244",31678860,0
"1245",31685960,0
"1246",31709325,0
"1247",31714117,0
"1248",31726766,0
"1249",31730438,0
"1250",31755980,0
"1251",31774496,0
"1252",31775972,1
"1253",31776978,0
"1254",31778578,0
"1255",31791559,0
"1256",31796356,0
"1257",31799979,0
"1258",31800277,0
"1259",31823308,0
"1260",31848608,0
"1261",31875292,0
"1262",31937774,0
"1263",31952637,0
"1264",31969028,0
"1265",31986194,0
"1266",32013449,0
"1267",32013645,0
"1268",32015681,0
"1269",32020956,0
"1270",32065296,0
"1271",32081118,0
"1272",32083831,0
"1273",32154290,0
"1274",32183074,0
"1275",32186319,0
"1276",32203452,0
"1277",32340803,0
"1278",32349581,1
"1279",32353402,0
"1280",32358433,0
"1281",32387879,0
"1282",32391911,1
"1283",32419436,1
"1284",32422655,0
"1285",32460798,0
"1286",32468306,0
"1287",32484420,1
"1288",32507439,1
"1289",32507444,0
"1290",32511151,0
"1291",32527878,1
"1292",32547827,0
"1293",32555073,0
"1294",32561549,0
"1295",32563567,0
"1296",32580157,1
"1297",32649914,0
"1298",32669293,0
"1299",32682314,1
"1300",32683599,0
"1301",32686028,0
"1302",32691955,0
"1303",32741572,0
"1304",32766861,0
"1305",32768375,0
"1306",32782689,0
"1307",32800659,0
"1308",32813279,0
"1309",32825357,0
"1310",32846166,0
"1311",32854188,0
"1312",32862577,0
"1313",32873552,0
"1314",32886026,0
"1315",32886147,0
"1316",32936346,0
"1317",32946725,0
"1318",32949114,0
"1319",32987421,0
"1320",32992342,1
"1321",32996706,0
"1322",32999500,0
"1323",33009533,0
"1324",33022290,0
"1325",33042149,0
"1326",33062493,1
"1327",33075821,0
"1328",33081843,1
"1329",33092863,0
"1330",33094225,0
"1331",33141821,0
"1332",33152441,0
"1333",33176003,0
"1334",33186707,0
"1335",33246443,0
"1336",33259241,0
"1337",33261798,1
"1338",33271980,0
"1339",33276884,0
"1340",33300850,1
"1341",33306350,0
"1342",33364714,0
"1343",33380463,0
"1344",33396690,0
"1345",33413087,0
"1346",33422380,1
"1347",33422564,0
"1348",33442502,0
"1349",33450556,0
"1350",33501907,0
"1351",33532963,0
"1352",33552238,0
"1353",33568702,0
"1354",33582897,0
"1355",33617606,0
"1356",33626140,0
"1357",33723538,0
"1358",33733711,0
"1359",33747777,0
"1360",33763556,0
"1361",33769895,0
"1362",33799033,0
"1363",33810543,0
"1364",33817668,0
"1365",33840727,0
"1366",33846728,0
"1367",33863464,0
"1368",33863569,0
"1369",33869977,0
"1370",33906178,0
"1371",33912607,0
"1372",33927175,0
"1373",33938253,0
"1374",33946484,0
"1375",33973336,0
"1376",33977123,0
"1377",33991804,0
"1378",33994129,0
"1379",34003782,0
"1380",34006167,0
"1381",34019375,0
"1382",34039258,0
"1383",34066265,0
"1384",34080369,1
"1385",34099108,0
"1386",34125150,0
"1387",34144984,0
"1388",34156401,1
"1389",34215231,0
"1390",34217851,0
"1391",34231523,1
"1392",34238934,0
"1393",34239182,0
"1394",34265299,0
"1395",34277299,1
"1396",34294607,0
"1397",34314037,0
"1398",34348316,0
"1399",34361003,1
"1400",34368741,0
"1401",34377197,0
"1402",34428594,0
"1403",34470527,0
"1404",34488408,0
"1405",34504872,0
"1406",34530556,0
"1407",34561754,0
"1408",34583460,0
"1409",34588754,0
"1410",34595873,0
"1411",34600629,0
"1412",34603333,0
"1413",34608092,0
"1414",34624183,0
"1415",34645037,0
"1416",34658172,0
"1417",34658615,1
"1418",34700463,0
"1419",34705944,0
"1420",34766323,0
"1421",34768722,0
"1422",34805077,0
"1423",34808702,0
"1424",34819562,0
"1425",34823317,0
"1426",34945596,0
"1427",34950000,0
"1428",35011324,0
"1429",35022237,0
"1430",35030608,1
"1431",35032705,0
"1432",35038314,0
"1433",35053724,0
"1434",35056830,0
"1435",35064939,0
"1436",35074837,0
"1437",35076381,0
"1438",35078826,1
"1439",35111225,0
"1440",35121157,0
"1441",35130016,0
"1442",35145702,0
"1443",35166970,0
"1444",35174070,0
"1445",35211694,1
"1446",35216651,0
"1447",35242394,0
"1448",35244382,0
"1449",35248341,0
"1450",35271724,0
"1451",35289713,0
"1452",35295537,0
"1453",35299073,0
"1454",35313839,0
"1455",35324784,0
"1456",35336319,0
"1457",35343067,0
"1458",35357192,0
"1459",35369571,0
"1460",35381961,0
"1461",35386213,0
"1462",35413162,0
"1463",35465657,0
"1464",35476781,0
"1465",35500537,0
"1466",35525632,0
"1467",35551608,0
"1468",35566854,0
"1469",35568761,0
"1470",35602796,0
"1471",35606535,0
"1472",35617347,0
"1473",35664372,1
"1474",35670586,0
"1475",35672965,0
"1476",35684365,1
"1477",35693446,0
"1478",35694788,0
"1479",35715045,0
"1480",35732194,0
"1481",35755080,0
"1482",35777806,0
"1483",35786342,0
"1484",35786947,0
"1485",35805420,0
"1486",35808019,0
"1487",35814154,0
"1488",35815586,0
"1489",35818067,0
"1490",35842896,0
"1491",35860116,0
"1492",35863050,0
"1493",35889772,0
"1494",35900960,0
"1495",35913365,0
"1496",35917731,0
"1497",35918316,0
"1498",35918428,0
"1499",35920628,0
"1500",35927987,0
"1501",35931898,0
"1502",35933144,0
"1503",35951649,0
"1504",35965905,0
"1505",35993458,0
"1506",36015355,0
"1507",36024847,0
"1508",36029350,0
"1509",36064406,0
"1510",36064935,1
"1511",36082000,0
"1512",36135824,0
"1513",36205224,0
"1514",36205687,1
"1515",36216908,0
"1516",36235824,0
"1517",36246332,0
"1518",36249974,0
"1519",36259101,0
"1520",36290825,0
"1521",36362239,0
"1522",36366896,0
"1523",36378381,0
"1524",36412689,0
"1525",36428452,1
"1526",36438878,0
"1527",36454631,0
"1528",36478939,0
"1529",36480130,0
"1530",36489974,0
"1531",36498839,0
"1532",36520071,0
"1533",36524647,0
"1534",36553484,0
"1535",36556810,0
"1536",36565639,0
"1537",36590715,0
"1538",36695745,0
"1539",36697524,0
"1540",36704271,0
"1541",36708954,0
"1542",36727967,0
"1543",36762719,0
"1544",36769705,0
"1545",36791587,0
"1546",36799348,0
"1547",36814476,0
"1548",36816659,0
"1549",36848743,0
"1550",36879489,0
"1551",36898192,0
"1552",36900955,1
"1553",36921426,0
"1554",36930102,0
"1555",36984086,0
"1556",37034137,0
"1557",37060231,0
"1558",37070023,0
"1559",37113894,0
"1560",37118787,0
"1561",37130173,0
"1562",37133228,0
"1563",37165192,0
"1564",37224316,1
"1565",37249469,0
"1566",37261229,0
"1567",37266359,0
"1568",37269766,0
"1569",37285527,0
"1570",37299833,0
"1571",37321168,0
"1572",37328681,0
"1573",37330651,0
"1574",37337021,0
"1575",37343749,0
"1576",37390933,0
"1577",37402508,0
"1578",37429063,0
"1579",37457768,0
"1580",37459992,0
"1581",37494081,1
"1582",37507195,0
"1583",37538042,0
"1584",37540409,0
"1585",37554474,0
"1586",37575305,0
"1587",37622061,0
"1588",37638870,0
"1589",37656469,0
"1590",37669961,0
"1591",37703203,0
"1592",37713647,0
"1593",37767727,0
"1594",37767977,0
"1595",37833185,0
"1596",37861656,0
"1597",37866097,0
"1598",37872388,0
"1599",37883757,0
"1600",37888241,0
"1601",37914780,0
"1602",37919477,0
"1603",37956396,0
"1604",37985807,0
"1605",37998614,0
"1606",37999100,0
"1607",38000438,0
"1608",38008051,0
"1609",38014942,0
"1610",38020782,0
"1611",38023881,0
"1612",38063357,0
"1613",38072926,0
"1614",38078716,0
"1615",38127959,1
"1616",38128906,0
"1617",38141048,0
"1618",38152598,0
"1619",38174811,0
"1620",38190322,0
"1621",38217795,0
"1622",38229301,0
"1623",38235758,0
"1624",38276732,0
"1625",38296178,0
"1626",38308229,0
"1627",38331865,0
"1628",38336118,0
"1629",38347105,0
"1630",38366566,0
"1631",38395071,0
"1632",38431899,0
"1633",38434075,0
"1634",38440960,0
"1635",38452299,0
"1636",38465286,0
"1637",38476382,0
"1638",38477614,0
"1639",38480062,0
"1640",38499406,0
"1641",38563632,0
"1642",38569871,0
"1643",38574300,0
"1644",38576462,0
"1645",38629836,0
"1646",38630468,0
"1647",38641090,0
"1648",38659658,0
"1649",38659872,0
"1650",38662710,0
"1651",38664290,0
"1652",38678893,0
"1653",38694288,0
"1654",38740486,0
"1655",38783093,0
"1656",38820953,0
"1657",38823330,0
"1658",38899097,1
"1659",38930394,0
"1660",38943943,0
"1661",39025209,0
"1662",39056044,0
"1663",39064897,0
"1664",39088145,0
"1665",39099491,0
"1666",39121577,0
"1667",39197760,0
"1668",39213175,1
"1669",39233096,0
"1670",39269413,0
"1671",39291846,0
"1672",39334891,0
"1673",39358007,0
"1674",39386936,0
"1675",39388272,0
"1676",39407834,0
"1677",39422065,0
"1678",39424497,0
"1679",39476696,0
"1680",39477910,0
"1681",39511906,0
"1682",39544879,0
"1683",39566140,0
"1684",39580505,0
"1685",39585236,1
"1686",39641828,0
"1687",39668732,0
"1688",39698108,1
"1689",39709637,0
"1690",39720767,0
"1691",39742137,0
"1692",39742269,0
"1693",39750107,0
"1694",39754889,0
"1695",39780778,0
"1696",39790106,0
"1697",39801475,0
"1698",39831037,0
"1699",39862493,0
"1700",39910083,1
"1701",39922979,0
"1702",39942973,0
"1703",39950434,0
"1704",39982182,0
"1705",39993690,0
"1706",40005496,0
"1707",40006556,0
"1708",40016513,0
"1709",40018092,0
"1710",40029792,0
"1711",40038817,0
"1712",40041795,0
"1713",40049020,0
"1714",40109122,0
"1715",40148661,0
"1716",40149898,0
"1717",40169387,0
"1718",40202870,0
"1719",40241658,0
"1720",40281825,0
"1721",40299720,0
"1722",40303365,0
"1723",40322443,0
"1724",40325183,0
"1725",40329310,1
"1726",40341229,0
"1727",40363742,0
"1728",40385248,0
"1729",40406137,0
"1730",40418848,0
"1731",40420824,0
"1732",40442685,0
"1733",40446483,0
"1734",40471456,0
"1735",40476444,0
"1736",40496713,0
"1737",40563543,1
"1738",40583648,0
"1739",40647689,0
"1740",40692997,0
"1741",40719914,0
"1742",40746984,0
"1743",40760278,0
"1744",40764827,0
"1745",40778878,0
"1746",40833536,0
"1747",40857974,0
"1748",40860073,0
"1749",40867199,0
"1750",40869640,0
"1751",40875793,0
"1752",40876360,0
"1753",40896051,0
"1754",40897948,0
"1755",40897956,0
"1756",40903968,0
"1757",40941978,0
"1758",40993911,0
"1759",41038477,0
"1760",41040616,0
"1761",41055686,0
"1762",41092683,0
"1763",41102831,0
"1764",41145529,0
"1765",41195771,0
"1766",41295265,0
"1767",41296594,0
"1768",41327376,0
"1769",41341377,0
"1770",41351000,0
"1771",41362714,1
"1772",41372548,0
"1773",41389504,0
"1774",41409434,0
"1775",41464880,1
"1776",41479528,0
"1777",41481449,0
"1778",41500253,0
"1779",41501194,1
"1780",41535586,0
"1781",41554246,0
"1782",41559393,0
"1783",41578363,0
"1784",41579687,0
"1785",41586982,1
"1786",41640178,0
"1787",41664484,0
"1788",41690012,0
"1789",41698990,0
"1790",41709977,0
"1791",41751237,0
"1792",41776109,0
"1793",41794200,0
"1794",41795652,0
"1795",41800699,0
"1796",41802033,0
"1797",41818896,0
"1798",41848439,0
"1799",41883123,0
"1800",41897244,0
"1801",41906063,0
"1802",41979725,0
"1803",41992709,0
"1804",41994216,1
"1805",42017548,0
"1806",42024542,0
"1807",42072627,0
"1808",42080985,0
"1809",42116649,0
"1810",42120046,0
"1811",42171522,0
"1812",42200448,0
"1813",42212282,0
"1814",42224738,0
"1815",42243112,0
"1816",42289140,0
"1817",42325898,0
"1818",42332177,0
"1819",42336348,0
"1820",42377372,1
"1821",42389662,0
"1822",42392677,0
"1823",42401252,0
"1824",42432111,0
"1825",42434914,0
"1826",42437132,0
"1827",42456089,0
"1828",42486915,0
"1829",42497610,0
"1830",42525827,0
"1831",42530651,0
"1832",42535530,0
"1833",42569250,0
"1834",42608796,0
"1835",42664153,0
"1836",42675677,0
"1837",42684508,0
"1838",42690878,0
"1839",42707334,0
"1840",42739747,0
"1841",42760572,0
"1842",42770948,0
"1843",42786089,0
"1844",42831512,0
"1845",42875298,0
"1846",42907328,0
"1847",42912693,0
"1848",42922051,0
"1849",42974764,0
"1850",43007878,0
"1851",43029897,1
"1852",43033204,1
"1853",43033955,0
"1854",43052540,0
"1855",43053910,0
"1856",43067024,0
"1857",43071651,0
"1858",43096668,0
"1859",43101875,0
"1860",43116642,0
"1861",43176407,1
"1862",43185890,0
"1863",43206092,0
"1864",43229505,0
"1865",43242574,0
"1866",43251285,0
"1867",43256508,0
"1868",43260946,0
"1869",43265886,0
"1870",43302228,0
"1871",43302799,0
"1872",43308316,0
"1873",43344193,1
"1874",43348186,0
"1875",43349067,0
"1876",43351675,1
"1877",43360043,0
"1878",43366434,0
"1879",43404829,0
"1880",43412265,0
"1881",43443535,0
"1882",43449732,0
"1883",43455017,0
"1884",43455814,0
"1885",43486303,0
"1886",43500206,0
"1887",43507822,1
"1888",43508690,0
"1889",43518637,0
"1890",43541721,0
"1891",43574809,0
"1892",43575244,0
"1893",43623805,0
"1894",43643719,0
"1895",43651699,0
"1896",43658991,0
"1897",43683025,0
"1898",43696721,1
"1899",43700781,0
"1900",43724217,0
"1901",43791698,0
"1902",43806499,0
"1903",43827517,0
"1904",43828837,0
"1905",43843716,0
"1906",43870947,0
"1907",43878812,0
"1908",43883429,0
"1909",43897644,0
"1910",43919872,0
"1911",43929601,0
"1912",43932234,1
"1913",43964619,0
"1914",43975042,0
"1915",43982191,0
"1916",43989449,0
"1917",44004813,1
"1918",44032891,0
"1919",44048507,0
"1920",44053052,0
"1921",44078314,0
"1922",44088098,0
"1923",44088375,0
"1924",44088384,0
"1925",44091544,0
"1926",44119057,0
"1927",44183268,0
"1928",44204720,0
"1929",44218140,0
"1930",44259216,0
"1931",44287411,0
"1932",44293931,0
"1933",44295002,0
"1934",44296916,0
"1935",44326515,0
"1936",44351953,0
"1937",44365751,0
"1938",44382865,0
"1939",44401058,1
"1940",44423593,0
"1941",44428883,0
"1942",44464347,0
"1943",44542783,0
"1944",44553308,0
"1945",44560695,0
"1946",44583702,0
"1947",44587183,0
"1948",44594420,0
"1949",44604160,0
"1950",44622509,0
"1951",44628576,0
"1952",44690429,0
"1953",44696034,1
"1954",44752593,1
"1955",44768876,0
"1956",44791464,0
"1957",44852232,0
"1958",44859584,0
"1959",44900560,0
"1960",44917685,0
"1961",44922676,0
"1962",44931694,1
"1963",44932135,0
"1964",44934829,0
"1965",44940747,0
"1966",44942399,0
"1967",44955469,0
"1968",44955517,0
"1969",44995389,0
"1970",44995621,0
"1971",45009124,0
"1972",45037000,0
"1973",45041246,0
"1974",45060165,1
"1975",45121979,0
"1976",45181879,0
"1977",45188066,0
"1978",45202948,0
"1979",45217783,0
"1980",45237435,0
"1981",45256701,0
"1982",45269280,0
"1983",45281202,0
"1984",45283736,0
"1985",45300692,0
"1986",45303695,0
"1987",45328868,0
"1988",45329741,0
"1989",45346957,0
"1990",45358721,0
"1991",45368372,0
"1992",45457304,0
"1993",45475994,0
"1994",45481471,0
"1995",45488797,0
"1996",45489317,0
"1997",45531777,0
"1998",45551635,0
"1999",45556066,0
"2000",45640177,0
"2001",45675076,0
"2002",45684141,0
"2003",45688727,0
"2004",45690356,1
"2005",45727451,0
"2006",45730545,0
"2007",45745699,0
"2008",45800537,0
"2009",45816630,0
"2010",45822742,0
"2011",45838092,0
"2012",45840984,0
"2013",45841105,0
"2014",45865641,0
"2015",45875722,0
"2016",45876270,0
"2017",45906847,0
"2018",45957566,0
"2019",45978067,0
"2020",46020307,1
"2021",46033411,1
"2022",46047767,0
"2023",46048610,0
"2024",46064837,0
"2025",46064978,0
"2026",46092218,1
"2027",46151170,0
"2028",46159044,0
"2029",46172099,0
"2030",46179187,0
"2031",46243117,0
"2032",46282626,0
"2033",46308211,0
"2034",46313874,0
"2035",46331364,0
"2036",46340611,1
"2037",46347377,0
"2038",46361357,0
"2039",46385661,0
"2040",46386788,0
"2041",46387507,0
"2042",46390311,0
"2043",46396122,1
"2044",46418418,0
"2045",46468999,0
"2046",46476159,0
"2047",46484836,0
"2048",46511538,1
"2049",46511587,0
"2050",46538741,0
"2051",46554016,1
"2052",46563452,0
"2053",46630419,0
"2054",46647554,0
"2055",46663726,1
"2056",46708374,0
"2057",46725179,0
"2058",46735716,0
"2059",46761557,0
"2060",46770712,0
"2061",46786916,0
"2062",46793865,0
"2063",46798710,0
"2064",46830405,1
"2065",46863427,0
"2066",46878261,1
"2067",46880229,0
"2068",46884656,0
"2069",46889673,0
"2070",46919754,0
"2071",46991916,0
"2072",47012279,0
"2073",47033760,0
"2074",47045717,1
"2075",47047038,0
"2076",47077439,0
"2077",47182423,0
"2078",47182551,0
"2079",47199872,0
"2080",47208859,0
"2081",47215767,0
"2082",47237364,0
"2083",47242901,0
"2084",47253685,0
"2085",47260073,0
"2086",47294971,0
"2087",47297774,0
"2088",47303498,0
"2089",47343094,0
"2090",47398853,0
"2091",47401306,0
"2092",47405170,0
"2093",47420127,0
"2094",47429724,0
"2095",47431960,1
"2096",47452606,0
"2097",47458170,0
"2098",47460277,0
"2099",47505838,0
"2100",47507075,0
"2101",47510889,0
"2102",47529255,0
"2103",47531480,0
"2104",47539076,0
"2105",47558367,1
"2106",47580540,0
"2107",47585411,0
"2108",47591281,0
"2109",47617820,0
"2110",47618093,0
"2111",47626922,0
"2112",47659651,0
"2113",47675350,0
"2114",47683934,1
"2115",47690924,0
"2116",47702269,0
"2117",47709173,0
"2118",47730674,0
"2119",47745816,0
"2120",47790040,0
"2121",47866758,0
"2122",47888964,0
"2123",47894523,0
"2124",47913926,0
"2125",47919936,0
"2126",47948323,0
"2127",47977227,0
"2128",47984837,1
"2129",48014778,0
"2130",48022224,0
"2131",48027333,0
"2132",48034133,0
"2133",48037350,0
"2134",48042305,0
"2135",48044501,1
"2136",48045562,0
"2137",48069528,0
"2138",48079852,0
"2139",48102870,0
"2140",48127702,0
"2141",48145544,0
"2142",48157416,0
"2143",48179033,0
"2144",48217732,0
"2145",48221039,0
"2146",48252879,1
"2147",48259488,0
"2148",48334029,0
"2149",48347209,0
"2150",48357101,0
"2151",48363677,0
"2152",48427972,0
"2153",48531199,0
"2154",48559423,0
"2155",48571224,0
"2156",48577741,0
"2157",48599675,0
"2158",48621337,0
"2159",48623161,0
"2160",48634878,0
"2161",48637399,0
"2162",48641542,0
"2163",48648367,0
"2164",48667873,0
"2165",48668932,0
"2166",48702244,0
"2167",48718461,0
"2168",48723688,0
"2169",48724773,0
"2170",48725235,0
"2171",48726165,0
"2172",48730547,1
"2173",48784192,0
"2174",48797329,0
"2175",48799877,0
"2176",48800250,1
"2177",48804580,0
"2178",48811267,0
"2179",48845632,0
"2180",48850599,0
"2181",48878941,0
"2182",48883897,0
"2183",48886534,0
"2184",48951086,0
"2185",48996052,1
"2186",49021415,0
"2187",49022988,0
"2188",49078377,0
"2189",49105790,0
"2190",49152932,0
"2191",49167689,0
"2192",49196794,0
"2193",49206295,0
"2194",49231161,0
"2195",49240965,0
"2196",49242678,0
"2197",49271101,1
"2198",49281309,0
"2199",49290500,0
"2200",49329354,0
"2201",49340482,0
"2202",49362248,0
"2203",49372598,0
"2204",49373366,0
"2205",49380983,0
"2206",49389392,0
"2207",49405165,1
"2208",49418321,0
"2209",49487047,0
"2210",49492671,0
"2211",49496679,1
"2212",49506181,0
"2213",49509319,0
"2214",49518359,0
"2215",49518575,0
"2216",49539156,0
"2217",49562494,0
"2218",49576911,0
"2219",49597225,0
"2220",49615907,0
"2221",49639606,0
"2222",49677053,0
"2223",49709568,0
"2224",49717256,0
"2225",49720345,0
"2226",49741899,1
"2227",49750376,0
"2228",49771679,0
"2229",49794922,1
"2230",49858273,0
"2231",49870580,1
"2232",49915263,0
"2233",49942465,0
"2234",49958445,0
"2235",49962249,0
"2236",49968413,0
"2237",49986719,0
"2238",49993127,0
"2239",49993592,0
"2240",50015643,1
"2241",50022247,0
"2242",50023400,0
"2243",50028255,0
"2244",50040654,0
"2245",50070901,0
"2246",50092461,0
"2247",50104663,0
"2248",50122338,0
"2249",50136440,0
"2250",50154148,0
"2251",50158798,0
"2252",50175415,0
"2253",50241887,0
"2254",50243703,0
"2255",50244171,1
"2256",50244470,0
"2257",50259545,0
"2258",50264143,0
"2259",50277446,0
"2260",50279359,0
"2261",50289421,0
"2262",50303274,0
"2263",50315509,0
"2264",50326299,0
"2265",50359023,0
"2266",50365816,1
"2267",50386106,0
"2268",50390128,0
"2269",50415893,0
"2270",50417461,0
"2271",50422915,0
"2272",50448070,0
"2273",50461632,0
"2274",50493616,0
"2275",50510898,0
"2276",50511640,0
"2277",50528186,0
"2278",50533312,0
"2279",50538296,0
"2280",50538728,0
"2281",50554471,0
"2282",50555760,0
"2283",50567148,0
"2284",50671899,0
"2285",50679080,0
"2286",50684412,0
"2287",50704213,0
"2288",50705044,0
"2289",50711288,0
"2290",50718965,0
"2291",50724055,0
"2292",50739842,0
"2293",50759166,0
"2294",50771503,0
"2295",50789451,0
"2296",50833993,0
"2297",50843568,0
"2298",50849907,0
"2299",50855985,0
"2300",50882690,1
"2301",50888959,0
"2302",50889874,0
"2303",50900295,1
"2304",50923536,0
"2305",50969081,1
"2306",50982806,0
"2307",50992468,0
"2308",51006881,0
"2309",51039410,0
"2310",51044634,0
"2311",51064995,0
"2312",51085817,0
"2313",51090065,0
"2314",51103454,0
"2315",51139384,0
"2316",51157046,0
"2317",51163297,0
"2318",51168843,0
"2319",51180296,1
"2320",51215287,0
"2321",51220102,0
"2322",51256781,1
"2323",51263548,0
"2324",51303646,0
"2325",51339523,1
"2326",51397989,0
"2327",51412004,1
"2328",51422935,0
"2329",51452944,0
"2330",51474923,0
"2331",51487688,0
"2332",51498902,0
"2333",51538727,0
"2334",51552533,0
"2335",51560261,0
"2336",51572687,0
"2337",51614070,0
"2338",51643104,0
"2339",51647659,0
"2340",51664438,0
"2341",51724285,0
"2342",51725812,0
"2343",51735819,0
"2344",51748251,0
"2345",51774933,0
"2346",51814792,0
"2347",51817116,1
"2348",51833821,0
"2349",51843774,0
"2350",51856663,1
"2351",51864889,0
"2352",51872992,1
"2353",51875451,0
"2354",51878854,0
"2355",51884070,0
"2356",51895042,0
"2357",51895963,1
"2358",51901429,0
"2359",51927782,0
"2360",51942992,0
"2361",51963748,0
"2362",51985818,0
"2363",51988903,0
"2364",52016848,0
"2365",52021500,0
"2366",52038671,0
"2367",52052397,0
"2368",52108186,0
"2369",52124246,0
"2370",52128818,0
"2371",52154009,0
"2372",52163529,0
"2373",52164555,0
"2374",52171969,0
"2375",52180965,0
"2376",52195622,0
"2377",52223553,0
"2378",52230779,0
"2379",52247298,0
"2380",52252570,0
"2381",52268847,0
"2382",52270651,0
"2383",52285155,0
"2384",52294363,0
"2385",52308291,0
"2386",52318836,0
"2387",52334144,0
"2388",52337059,0
"2389",52338784,0
"2390",52362852,0
"2391",52427673,0
"2392",52432207,0
"2393",52465375,0
"2394",52467400,0
"2395",52487964,0
"2396",52533265,0
"2397",52539658,0
"2398",52546896,0
"2399",52551939,0
"2400",52590365,0
"2401",52632493,0
"2402",52654848,0
"2403",52693772,0
"2404",52704417,0
"2405",52711362,0
"2406",52713844,1
"2407",52728930,0
"2408",52751137,0
"2409",52807209,0
"2410",52818979,0
"2411",52844931,0
"2412",52887630,0
"2413",52915719,0
"2414",52918197,0
"2415",52920203,1
"2416",52920482,0
"2417",52959712,0
"2418",52986979,0
"2419",53004082,0
"2420",53022588,1
"2421",53025414,0
"2422",53030387,1
"2423",53041557,0
"2424",53046721,0
"2425",53054428,0
"2426",53060235,0
"2427",53104046,0
"2428",53106121,0
"2429",53142960,0
"2430",53150360,0
"2431",53182388,0
"2432",53187174,0
"2433",53210164,0
"2434",53220790,0
"2435",53226618,0
"2436",53233866,0
"2437",53267005,0
"2438",53270984,0
"2439",53324956,0
"2440",53347441,1
"2441",53420538,0
"2442",53456506,0
"2443",53469193,0
"2444",53496127,0
"2445",53498270,0
"2446",53500246,0
"2447",53532724,0
"2448",53534105,0
"2449",53543301,0
"2450",53576335,0
"2451",53581715,0
"2452",53598146,0
"2453",53600109,0
"2454",53615144,0
"2455",53633857,0
"2456",53634052,0
"2457",53671196,0
"2458",53744082,0
"2459",53767310,0
"2460",53767431,0
"2461",53768883,0
"2462",53840713,0
"2463",53865896,0
"2464",53870729,0
"2465",53871480,0
"2466",53871501,0
"2467",53876052,0
"2468",53902034,0
"2469",53903047,0
"2470",53939059,0
"2471",53966407,1
"2472",53983169,0
"2473",54020236,0
"2474",54039350,0
"2475",54050977,0
"2476",54060106,0
"2477",54075206,0
"2478",54102818,0
"2479",54135312,0
"2480",54159798,0
"2481",54170100,0
"2482",54178920,0
"2483",54183771,0
"2484",54198385,0
"2485",54204552,0
"2486",54213419,0
"2487",54222740,0
"2488",54237847,1
"2489",54239540,0
"2490",54242677,0
"2491",54251939,0
"2492",54254824,0
"2493",54260975,0
"2494",54277873,0
"2495",54291057,0
"2496",54301346,0
"2497",54317229,0
"2498",54318066,0
"2499",54323687,0
"2500",54339216,0
"2501",54342445,0
"2502",54378661,0
"2503",54382764,0
"2504",54415271,0
"2505",54422497,0
"2506",54472534,0
"2507",54547823,0
"2508",54564944,1
"2509",54572877,0
"2510",54575195,0
"2511",54587970,0
"2512",54638943,0
"2513",54651422,0
"2514",54670859,0
"2515",54671473,0
"2516",54698115,0
"2517",54715165,0
"2518",54717962,0
"2519",54725127,0
"2520",54788445,0
"2521",54788769,0
"2522",54788820,0
"2523",54792716,0
"2524",54853764,0
"2525",54900499,0
"2526",54934297,0
"2527",54943645,1
"2528",54952605,0
"2529",54952697,0
"2530",54967647,0
"2531",55033313,0
"2532",55049874,0
"2533",55060258,0
"2534",55067717,1
"2535",55111481,0
"2536",55175651,0
"2537",55183007,0
"2538",55220894,0
"2539",55231907,0
"2540",55263565,1
"2541",55295382,0
"2542",55314407,0
"2543",55317106,0
"2544",55326457,0
"2545",55330877,0
"2546",55332211,0
"2547",55334976,0
"2548",55340940,0
"2549",55352980,0
"2550",55383033,0
"2551",55421143,0
"2552",55481862,0
"2553",55486042,0
"2554",55487707,0
"2555",55498726,0
"2556",55499325,0
"2557",55508026,0
"2558",55510702,0
"2559",55531429,0
"2560",55553516,0
"2561",55577532,0
"2562",55581959,1
"2563",55596840,0
"2564",55640098,0
"2565",55646284,0
"2566",55648803,0
"2567",55688123,0
"2568",55718584,0
"2569",55727321,0
"2570",55801242,0
"2571",55806700,0
"2572",55814783,0
"2573",55833426,0
"2574",55876330,0
"2575",55903621,0
"2576",55950133,0
"2577",55956813,0
"2578",55957684,0
"2579",55960982,0
"2580",55964982,0
"2581",55965186,1
"2582",56040585,0
"2583",56068657,0
"2584",56130677,0
"2585",56163361,0
"2586",56163625,0
"2587",56171025,0
"2588",56194467,0
"2589",56208169,0
"2590",56217082,1
"2591",56235210,0
"2592",56246867,0
"2593",56255167,0
"2594",56256199,0
"2595",56256866,0
"2596",56260956,0
"2597",56274116,0
"2598",56305209,1
"2599",56324480,0
"2600",56348875,0
"2601",56355950,0
"2602",56359285,0
"2603",56362626,0
"2604",56379920,0
"2605",56397701,0
"2606",56410819,0
"2607",56418458,0
"2608",56429088,0
"2609",56475613,0
"2610",56529513,0
"2611",56564237,0
"2612",56567993,0
"2613",56577231,0
"2614",56593871,0
"2615",56633839,0
"2616",56634696,0
"2617",56657132,0
"2618",56704684,0
"2619",56716783,0
"2620",56724927,0
"2621",56753255,0
"2622",56828362,0
"2623",56834048,0
"2624",56866469,0
"2625",56876284,0
"2626",56882507,0
"2627",56911080,0
"2628",56915240,0
"2629",56936565,0
"2630",56936670,0
"2631",56938637,0
"2632",56966947,0
"2633",56973969,0
"2634",56976108,0
"2635",56990028,0
"2636",56991184,0
"2637",57045876,0
"2638",57111840,0
"2639",57134050,0
"2640",57136416,0
"2641",57144079,0
"2642",57155809,0
"2643",57156936,0
"2644",57179699,0
"2645",57194839,0
"2646",57218957,1
"2647",57225056,0
"2648",57279912,0
"2649",57281347,0
"2650",57289585,0
"2651",57304125,0
"2652",57306866,0
"2653",57317773,0
"2654",57359462,0
"2655",57375830,0
"2656",57387682,0
"2657",57387836,0
"2658",57388599,0
"2659",57419006,0
"2660",57431567,0
"2661",57445668,0
"2662",57459909,0
"2663",57490067,0
"2664",57522026,0
"2665",57533611,0
"2666",57558208,0
"2667",57667764,0
"2668",57672624,0
"2669",57676142,0
"2670",57692926,1
"2671",57693883,0
"2672",57696578,0
"2673",57698011,0
"2674",57704018,0
"2675",57705313,0
"2676",57718720,0
"2677",57728796,0
"2678",57760894,0
"2679",57779763,0
"2680",57792287,0
"2681",57795299,0
"2682",57799571,0
"2683",57804526,0
"2684",57821395,0
"2685",57826542,0
"2686",57849033,0
"2687",57857875,0
"2688",57858072,0
"2689",57886111,0
"2690",57914670,0
"2691",57919768,0
"2692",57925394,0
"2693",57953970,0
"2694",57956596,0
"2695",57966575,0
"2696",57989074,0
"2697",58012131,0
"2698",58018651,0
"2699",58022918,0
"2700",58024792,0
"2701",58055085,0
"2702",58095082,0
"2703",58105879,0
"2704",58159497,0
"2705",58174767,0
"2706",58191099,0
"2707",58191497,0
"2708",58263676,0
"2709",58270859,0
"2710",58331978,0
"2711",58349379,0
"2712",58362249,0
"2713",58380485,0
"2714",58397652,1
"2715",58412697,0
"2716",58412730,0
"2717",58415730,0
"2718",58432388,0
"2719",58434786,0
"2720",58452513,0
"2721",58458206,0
"2722",58458848,0
"2723",58480790,0
"2724",58503774,1
"2725",58512359,0
"2726",58515554,0
"2727",58543977,0
"2728",58555242,0
"2729",58564586,0
"2730",58646599,0
"2731",58671620,0
"2732",58674269,0
"2733",58717524,0
"2734",58751096,0
"2735",58752463,0
"2736",58769051,0
"2737",58800820,0
"2738",58839703,0
"2739",58847890,1
"2740",58864960,0
"2741",58877508,1
"2742",58880782,0
"2743",58918873,0
"2744",58925938,0
"2745",58935503,0
"2746",58967769,0
"2747",58967927,0
"2748",58984822,0
"2749",58994892,0
"2750",59011966,0
"2751",59020793,0
"2752",59028067,0
"2753",59033230,1
"2754",59061166,0
"2755",59080907,0
"2756",59090336,0
"2757",59100827,0
"2758",59178451,0
"2759",59199712,0
"2760",59205083,0
"2761",59229459,0
"2762",59264230,0
"2763",59286204,0
"2764",59312799,0
"2765",59314382,0
"2766",59316914,0
"2767",59351723,0
"2768",59354420,1
"2769",59369664,0
"2770",59373207,0
"2771",59383369,0
"2772",59395690,0
"2773",59399482,0
"2774",59425000,0
"2775",59444714,0
"2776",59462323,0
"2777",59507598,0
"2778",59511606,1
"2779",59517038,0
"2780",59522415,0
"2781",59534960,0
"2782",59563864,0
"2783",59571703,1
"2784",59610417,0
"2785",59618632,0
"2786",59623210,0
"2787",59640537,0
"2788",59655260,0
"2789",59660376,0
"2790",59698598,0
"2791",59706926,0
"2792",59708935,0
"2793",59714126,1
"2794",59721038,0
"2795",59729914,0
"2796",59754603,1
"2797",59759935,0
"2798",59774600,0
"2799",59775868,0
"2800",59789741,0
"2801",59809996,0
"2802",59828572,0
"2803",59874114,0
"2804",59880736,0
"2805",59920622,0
"2806",59949184,0
"2807",60011333,0
"2808",60013905,0
"2809",60051902,0
"2810",60052114,0
"2811",60055746,0
"2812",60080754,0
"2813",60102996,0
"2814",60107189,0
"2815",60251284,0
"2816",60261314,0
"2817",60261332,0
"2818",60262639,0
"2819",60275560,0
"2820",60299766,0
"2821",60352374,0
"2822",60451820,0
"2823",60455481,0
"2824",60478514,1
"2825",60507607,0
"2826",60520621,0
"2827",60521655,0
"2828",60566411,0
"2829",60572558,0
"2830",60578432,0
"2831",60594800,1
"2832",60595997,0
"2833",60619731,0
"2834",60629823,0
"2835",60646453,0
"2836",60651022,0
"2837",60666822,0
"2838",60682212,0
"2839",60682293,0
"2840",60687184,0
"2841",60690382,0
"2842",60691951,0
"2843",60700043,0
"2844",60705884,0
"2845",60708624,0
"2846",60730596,0
"2847",60740353,1
"2848",60745859,0
"2849",60765954,0
"2850",60768675,0
"2851",60782423,0
"2852",60814352,0
"2853",60840982,0
"2854",60846309,0
"2855",60927643,0
"2856",60929503,0
"2857",60947755,0
"2858",60962411,0
"2859",60984349,0
"2860",60996599,1
"2861",61021389,0
"2862",61028062,0
"2863",61043807,0
"2864",61051028,0
"2865",61077299,0
"2866",61084638,0
"2867",61088841,0
"2868",61095842,0
"2869",61096923,0
"2870",61147938,0
"2871",61154474,0
"2872",61156613,0
"2873",61165720,0
"2874",61180363,0
"2875",61191899,0
"2876",61201453,0
"2877",61214499,0
"2878",61233383,0
"2879",61258319,0
"2880",61262851,0
"2881",61267781,0
"2882",61322929,0
"2883",61400345,1
"2884",61425274,0
"2885",61426908,0
"2886",61435464,0
"2887",61474257,0
"2888",61476971,0
"2889",61478356,0
"2890",61486294,0
"2891",61487973,0
"2892",61491992,0
"2893",61492497,0
"2894",61508392,0
"2895",61520197,0
"2896",61550148,0
"2897",61556266,0
"2898",61600722,0
"2899",61605625,0
"2900",61607230,0
"2901",61608279,0
"2902",61651583,1
"2903",61693300,0
"2904",61705153,1
"2905",61723807,0
"2906",61725768,0
"2907",61729895,0
"2908",61733762,0
"2909",61759750,0
"2910",61773212,0
"2911",61783054,0
"2912",61801912,0
"2913",61820424,0
"2914",61827759,0
"2915",61830510,0
"2916",61846429,1
"2917",61855566,0
"2918",61867037,0
"2919",61963941,0
"2920",61965479,0
"2921",61979209,0
"2922",62018683,0
"2923",62021326,0
"2924",62035882,0
"2925",62056589,0
"2926",62058483,0
"2927",62063574,0
"2928",62065520,0
"2929",62067279,0
"2930",62091637,0
"2931",62176111,0
"2932",62190668,0
"2933",62194219,0
"2934",62195497,0
"2935",62203809,0
"2936",62212972,0
"2937",62219507,0
"2938",62242425,1
"2939",62255668,0
"2940",62279728,0
"2941",62290562,0
"2942",62293623,0
"2943",62331358,0
"2944",62333573,0
"2945",62409696,0
"2946",62417069,0
"2947",62423993,0
"2948",62461320,0
"2949",62468021,0
"2950",62469811,0
"2951",62480533,0
"2952",62519269,0
"2953",62521095,0
"2954",62526324,0
"2955",62545703,0
"2956",62546695,0
"2957",62558419,0
"2958",62558908,0
"2959",62560797,0
"2960",62618441,0
"2961",62667006,0
"2962",62674003,0
"2963",62686064,0
"2964",62689626,0
"2965",62696744,0
"2966",62705327,0
"2967",62711325,0
"2968",62712543,0
"2969",62720650,0
"2970",62732043,0
"2971",62747767,0
"2972",62765622,0
"2973",62765992,0
"2974",62788206,0
"2975",62792997,0
"2976",62844318,0
"2977",62845748,0
"2978",62866480,0
"2979",62869333,0
"2980",62873862,0
"2981",62894151,1
"2982",62894522,0
"2983",62926431,0
"2984",62949120,0
"2985",62949306,0
"2986",62952110,1
"2987",62953238,1
"2988",62980143,0
"2989",62992339,0
"2990",63029910,0
"2991",63031921,1
"2992",63047782,0
"2993",63079592,0
"2994",63103007,0
"2995",63154424,0
"2996",63164367,0
"2997",63177016,0
"2998",63208040,0
"2999",63230993,1
"3000",63239624,0
"3001",63258001,0
"3002",63264391,0
"3003",63272651,0
"3004",63273904,1
"3005",63279758,0
"3006",63312777,0
"3007",63340323,0
"3008",63358769,0
"3009",63387226,0
"3010",63447496,0
"3011",63455405,0
"3012",63489632,0
"3013",63496046,0
"3014",63502040,0
"3015",63511422,0
"3016",63580579,0
"3017",63629673,0
"3018",63641040,0
"3019",63650300,0
"3020",63658926,0
"3021",63662657,1
"3022",63696874,0
"3023",63753607,0
"3024",63765513,0
"3025",63780637,0
"3026",63794355,0
"3027",63803387,0
"3028",63820085,0
"3029",63822647,0
"3030",63851127,0
"3031",63885141,0
"3032",63890219,0
"3033",63911015,0
"3034",63918560,0
"3035",63935988,1
"3036",63938662,0
"3037",63942901,0
"3038",63945144,0
"3039",63945295,0
"3040",63990830,0
"3041",64022197,0
"3042",64137546,1
"3043",64144382,0
"3044",64148109,0
"3045",64150380,0
"3046",64152626,0
"3047",64182959,1
"3048",64199511,1
"3049",64233541,0
"3050",64282471,0
"3051",64300411,1
"3052",64317832,0
"3053",64392693,0
"3054",64405111,0
"3055",64406500,0
"3056",64462169,0
"3057",64526583,0
"3058",64537633,0
"3059",64573023,0
"3060",64578784,0
"3061",64586546,0
"3062",64588883,0
"3063",64596080,0
"3064",64609547,0
"3065",64626015,0
"3066",64633957,0
"3067",64640178,0
"3068",64662732,0
"3069",64700778,0
"3070",64731476,0
"3071",64780628,1
"3072",64834605,1
"3073",64860596,0
"3074",64879113,0
"3075",64879269,0
"3076",64885395,0
"3077",64887111,0
"3078",64896492,0
"3079",64896820,0
"3080",64899203,0
"3081",64910612,0
"3082",64912069,1
"3083",64943783,0
"3084",64954784,0
"3085",64957004,0
"3086",64989812,0
"3087",65000286,0
"3088",65028760,0
"3089",65039403,0
"3090",65065700,0
"3091",65071205,0
"3092",65076135,0
"3093",65079993,0
"3094",65106673,0
"3095",65113169,0
"3096",65116177,1
"3097",65118937,0
"3098",65195660,0
"3099",65207653,0
"3100",65216043,0
"3101",65225806,0
"3102",65262260,0
"3103",65272018,0
"3104",65284556,1
"3105",65285967,0
"3106",65287802,0
"3107",65309353,0
"3108",65343414,0
"3109",65372062,0
"3110",65372407,0
"3111",65378626,0
"3112",65478182,0
"3113",65479181,0
"3114",65487779,0
"3115",65519330,1
"3116",65541015,0
"3117",65570423,0
"3118",65591421,0
"3119",65592963,0
"3120",65651223,0
"3121",65714716,0
"3122",65726485,0
"3123",65784395,0
"3124",65821292,0
"3125",65824453,0
"3126",65826288,0
"3127",65837675,1
"3128",65847992,0
"3129",65876173,0
"3130",65890194,0
"3131",65898264,0
"3132",65931542,0
"3133",65934421,0
"3134",65941988,0
"3135",65949427,0
"3136",65967738,0
"3137",65988962,1
"3138",66001331,0
"3139",66005238,0
"3140",66046584,0
"3141",66054103,0
"3142",66054613,0
"3143",66111871,0
"3144",66126383,0
"3145",66127544,0
"3146",66155605,0
"3147",66161191,0
"3148",66167759,0
"3149",66197189,0
"3150",66221183,0
"3151",66251867,0
"3152",66259910,0
"3153",66259975,0
"3154",66283533,0
"3155",66284864,0
"3156",66341616,1
"3157",66368681,0
"3158",66374002,0
"3159",66377942,0
"3160",66385888,0
"3161",66386610,1
"3162",66391640,0
"3163",66405094,0
"3164",66408257,1
"3165",66412577,0
"3166",66432571,0
"3167",66438963,0
"3168",66441893,0
"3169",66446816,0
"3170",66459830,1
"3171",66508875,0
"3172",66513810,0
"3173",66521568,0
"3174",66537758,1
"3175",66550353,0
"3176",66559016,0
"3177",66579709,0
"3178",66606264,0
"3179",66637782,0
"3180",66639060,0
"3181",66653839,0
"3182",66655372,0
"3183",66680041,0
"3184",66691823,0
"3185",66692551,0
"3186",66692879,0
"3187",66706042,0
"3188",66712111,0
"3189",66771105,0
"3190",66780877,0
"3191",66782430,0
"3192",66796538,0
"3193",66806135,0
"3194",66807938,1
"3195",66815022,0
"3196",66839427,0
"3197",66839939,0
"3198",66854190,0
"3199",66878432,0
"3200",66902744,0
"3201",66929747,0
"3202",66933413,0
"3203",66947216,0
"3204",66956456,0
"3205",66973985,0
"3206",66994256,0
"3207",67012357,0
"3208",67019902,0
"3209",67084606,0
"3210",67085779,0
"3211",67097954,0
"3212",67110702,0
"3213",67113156,0
"3214",67162018,1
"3215",67178323,0
"3216",67179343,0
"3217",67185780,0
"3218",67197114,0
"3219",67220870,0
"3220",67249148,0
"3221",67253200,0
"3222",67257577,0
"3223",67266577,0
"3224",67279512,0
"3225",67293022,0
"3226",67320556,0
"3227",67382134,0
"3228",67415756,0
"3229",67443753,0
"3230",67479122,0
"3231",67483188,0
"3232",67484313,0
"3233",67494856,0
"3234",67499533,0
"3235",67541090,0
"3236",67607515,0
"3237",67627983,1
"3238",67639701,0
"3239",67640867,0
"3240",67653454,0
"3241",67653838,0
"3242",67679225,0
"3243",67721902,0
"3244",67745337,0
"3245",67762997,0
"3246",67767993,0
"3247",67774174,0
"3248",67775812,0
"3249",67786245,0
"3250",67789341,0
"3251",67791832,0
"3252",67809277,0
"3253",67811037,0
"3254",67820987,0
"3255",67824109,0
"3256",67832424,1
"3257",67867720,0
"3258",67871912,0
"3259",67875141,0
"3260",67895673,0
"3261",67912143,0
"3262",67915455,0
"3263",67931664,0
"3264",67983418,0
"3265",68005308,0
"3266",68022468,1
"3267",68046964,1
"3268",68095940,0
"3269",68100953,0
"3270",68118072,0
"3271",68119076,0
"3272",68119162,0
"3273",68135865,0
"3274",68145665,0
"3275",68160400,0
"3276",68170271,0
"3277",68170978,0
"3278",68178855,0
"3279",68213586,0
"3280",68241474,0
"3281",68245915,0
"3282",68263707,0
"3283",68271835,0
"3284",68339067,0
"3285",68367692,0
"3286",68368307,0
"3287",68375319,0
"3288",68379319,0
"3289",68382814,0
"3290",68395411,0
"3291",68402810,0
"3292",68417127,0
"3293",68430020,0
"3294",68456520,0
"3295",68472291,0
"3296",68479075,0
"3297",68502270,0
"3298",68502295,0
"3299",68595017,0
"3300",68618118,0
"3301",68634969,0
"3302",68696496,0
"3303",68705404,0
"3304",68711935,0
"3305",68712033,0
"3306",68715122,0
"3307",68735940,0
"3308",68744599,0
"3309",68763231,0
"3310",68763273,0
"3311",68779920,0
"3312",68788926,0
"3313",68829707,0
"3314",68831056,0
"3315",68836398,0
"3316",68837025,0
"3317",68843429,0
"3318",68844508,0
"3319",68871895,0
"3320",68886141,0
"3321",68898977,1
"3322",68901988,0
"3323",68908346,0
"3324",68914136,0
"3325",68917319,0
"3326",68930784,0
"3327",68946384,0
"3328",68957936,0
"3329",68975829,1
"3330",68982285,0
"3331",68989063,0
"3332",68998986,0
"3333",69003332,0
"3334",69030805,0
"3335",69072596,0
"3336",69087031,0
"3337",69091708,0
"3338",69097120,0
"3339",69113105,1
"3340",69116545,0
"3341",69156742,0
"3342",69158271,0
"3343",69160254,0
"3344",69164900,0
"3345",69173213,0
"3346",69177242,0
"3347",69184045,0
"3348",69188353,0
"3349",69194581,0
"3350",69210069,0
"3351",69212614,0
"3352",69217078,0
"3353",69233083,0
"3354",69262241,0
"3355",69282750,0
"3356",69311320,0
"3357",69338629,0
"3358",69379901,0
"3359",69384424,0
"3360",69407766,0
"3361",69410008,0
"3362",69414500,0
"3363",69422866,0
"3364",69423386,0
"3365",69424230,0
"3366",69427534,0
"3367",69431075,0
"3368",69435006,0
"3369",69482934,0
"3370",69486156,1
"3371",69486905,0
"3372",69500843,0
"3373",69519302,0
"3374",69525670,0
"3375",69545953,0
"3376",69576116,0
"3377",69591217,0
"3378",69608881,0
"3379",69628241,0
"3380",69632664,0
"3381",69682401,0
"3382",69723266,0
"3383",69743508,0
"3384",69750641,0
"3385",69774047,0
"3386",69774726,0
"3387",69818896,0
"3388",69819356,0
"3389",69819562,0
"3390",69851189,0
"3391",69852553,0
"3392",69853659,0
"3393",69855054,0
"3394",69866997,0
"3395",69880084,0
"3396",69897067,0
"3397",69919045,0
"3398",69931619,0
"3399",69960249,0
"3400",69983374,0
"3401",69985046,0
"3402",70009722,0
"3403",70011414,0
"3404",70022496,0
"3405",70050019,0
"3406",70053002,0
"3407",70071751,0
"3408",70094131,0
"3409",70111962,0
"3410",70131624,0
"3411",70132216,0
"3412",70149537,0
"3413",70177523,0
"3414",70181094,0
"3415",70221870,0
"3416",70223302,0
"3417",70245842,0
"3418",70255118,0
"3419",70255702,0
"3420",70259489,0
"3421",70266188,0
"3422",70269194,0
"3423",70276817,0
"3424",70293040,1
"3425",70305255,0
"3426",70393206,1
"3427",70403504,1
"3428",70443868,0
"3429",70450770,0
"3430",70453144,0
"3431",70481454,0
"3432",70496045,0
"3433",70536205,0
"3434",70611824,0
"3435",70627537,0
"3436",70649750,0
"3437",70676031,0
"3438",70679098,0
"3439",70691249,0
"3440",70706044,0
"3441",70711092,0
"3442",70734433,0
"3443",70738943,0
"3444",70771161,0
"3445",70785760,0
"3446",70804500,0
"3447",70807588,0
"3448",70815225,0
"3449",70836864,0
"3450",70842808,0
"3451",70844807,0
"3452",70868631,0
"3453",70876633,0
"3454",70887511,0
"3455",70903766,0
"3456",70955550,0
"3457",70965439,0
"3458",70976390,1
"3459",70999128,0
"3460",71000804,0
"3461",71003537,0
"3462",71011779,0
"3463",71028711,0
"3464",71052649,0
"3465",71056612,0
"3466",71075769,0
"3467",71097371,0
"3468",71124809,0
"3469",71129621,0
"3470",71132128,0
"3471",71132573,0
"3472",71148297,0
"3473",71156963,0
"3474",71172845,0
"3475",71182569,0
"3476",71219986,0
"3477",71223043,0
"3478",71255275,0
"3479",71295159,0
"3480",71295573,0
"3481",71297465,0
"3482",71304809,0
"3483",71305734,0
"3484",71309434,0
"3485",71310581,0
"3486",71359945,0
"3487",71388399,0
"3488",71424379,0
"3489",71438104,0
"3490",71438653,1
"3491",71442043,0
"3492",71472576,1
"3493",71478073,0
"3494",71479458,0
"3495",71484050,0
"3496",71494474,0
"3497",71515001,0
"3498",71549602,0
"3499",71583280,1
"3500",71585434,1
"3501",71594251,0
"3502",71602958,0
"3503",71610656,1
"3504",71646882,0
"3505",71652747,1
"3506",71693785,1
"3507",71722178,0
"3508",71725713,0
"3509",71729380,0
"3510",71740249,0
"3511",71760164,0
"3512",71800865,0
"3513",71809750,0
"3514",71897508,0
"3515",71967553,1
"3516",71992767,1
"3517",72020832,0
"3518",72068764,0
"3519",72074537,0
"3520",72094771,0
"3521",72124602,0
"3522",72150216,0
"3523",72170469,0
"3524",72173017,0
"3525",72198033,0
"3526",72210496,0
"3527",72257092,0
"3528",72272061,0
"3529",72280861,0
"3530",72305748,0
"3531",72306089,0
"3532",72349623,0
"3533",72350037,0
"3534",72351534,0
"3535",72395914,0
"3536",72416529,0
"3537",72417930,0
"3538",72465852,1
"3539",72475606,0
"3540",72491738,0
"3541",72520867,0
"3542",72542308,0
"3543",72578729,0
"3544",72581676,0
"3545",72617223,0
"3546",72638988,0
"3547",72665850,0
"3548",72672059,0
"3549",72709824,0
"3550",72767731,0
"3551",72811648,0
"3552",72835841,0
"3553",72839418,0
"3554",72841721,0
"3555",72849521,0
"3556",72849824,0
"3557",72861788,0
"3558",72899637,0
"3559",72964603,1
"3560",72966581,0
"3561",72971019,0
"3562",72980464,0
"3563",72981855,0
"3564",73024899,0
"3565",73048124,0
"3566",73122037,0
"3567",73141435,1
"3568",73190502,0
"3569",73216986,1
"3570",73244147,0
"3571",73249115,0
"3572",73275482,1
"3573",73286409,1
"3574",73298263,0
"3575",73361863,0
"3576",73362946,0
"3577",73371518,0
"3578",73422581,0
"3579",73476198,0
"3580",73485330,0
"3581",73485837,0
"3582",73521226,0
"3583",73535744,0
"3584",73591077,1
"3585",73597202,0
"3586",73608978,0
"3587",73617964,0
"3588",73650512,0
"3589",73660883,0
"3590",73663449,1
"3591",73671098,1
"3592",73678342,0
"3593",73683144,0
"3594",73713083,0
"3595",73726134,0
"3596",73790756,0
"3597",73806773,0
"3598",73816808,0
"3599",73849150,0
"3600",73872256,0
"3601",73872381,0
"3602",73934004,0
"3603",73934242,0
"3604",73937380,1
"3605",73978536,0
"3606",74078757,0
"3607",74080223,0
"3608",74087053,0
"3609",74167347,0
"3610",74170131,0
"3611",74200843,0
"3612",74219918,0
"3613",74229504,0
"3614",74244561,0
"3615",74259454,0
"3616",74259657,0
"3617",74280544,0
"3618",74302032,0
"3619",74308671,0
"3620",74318186,0
"3621",74325055,0
"3622",74346272,0
"3623",74350662,0
"3624",74373668,0
"3625",74377151,0
"3626",74400961,0
"3627",74415734,1
"3628",74416472,0
"3629",74422340,0
"3630",74434006,0
"3631",74472760,0
"3632",74477184,0
"3633",74487713,0
"3634",74493125,0
"3635",74511726,0
"3636",74535219,0
"3637",74547573,0
"3638",74557021,0
"3639",74561264,0
"3640",74586179,0
"3641",74601577,0
"3642",74622150,0
"3643",74670452,0
"3644",74672877,1
"3645",74706250,0
"3646",74724974,0
"3647",74739087,0
"3648",74782533,0
"3649",74788970,0
"3650",74818932,0
"3651",74823515,0
"3652",74834871,0
"3653",74841280,1
"3654",74859965,1
"3655",74869129,0
"3656",74882109,0
"3657",74885433,0
"3658",74888128,0
"3659",74900467,0
"3660",74902336,0
"3661",74908236,0
"3662",74922595,0
"3663",74935567,0
"3664",74941028,0
"3665",74993908,0
"3666",75018500,0
"3667",75030693,0
"3668",75062489,0
"3669",75083548,0
"3670",75094329,0
"3671",75112022,0
"3672",75135775,1
"3673",75152631,0
"3674",75184144,1
"3675",75232682,0
"3676",75239101,0
"3677",75247895,0
"3678",75265299,0
"3679",75280625,0
"3680",75291508,0
"3681",75294753,0
"3682",75320667,0
"3683",75331836,0
"3684",75332597,1
"3685",75436701,0
"3686",75513986,0
"3687",75557297,0
"3688",75565015,1
"3689",75577029,0
"3690",75626333,0
"3691",75642138,0
"3692",75654279,0
"3693",75702250,0
"3694",75725495,0
"3695",75732623,0
"3696",75745243,0
"3697",75758032,0
"3698",75771625,0
"3699",75782090,0
"3700",75804613,0
"3701",75840955,0
"3702",75872015,0
"3703",75884389,0
"3704",75884575,0
"3705",75928515,0
"3706",75928889,0
"3707",75932477,0
"3708",75966620,0
"3709",75969360,0
"3710",75981645,0
"3711",76015200,0
"3712",76031001,0
"3713",76071264,0
"3714",76078970,0
"3715",76135757,0
"3716",76143904,0
"3717",76148767,0
"3718",76149971,0
"3719",76157346,0
"3720",76175773,0
"3721",76180051,0
"3722",76197720,0
"3723",76224160,0
"3724",76227461,0
"3725",76255884,0
"3726",76276894,0
"3727",76290052,0
"3728",76293085,0
"3729",76296911,0
"3730",76309530,1
"3731",76319045,0
"3732",76323092,1
"3733",76342122,0
"3734",76370825,0
"3735",76373441,1
"3736",76396585,0
"3737",76425952,0
"3738",76483296,0
"3739",76484647,0
"3740",76485369,0
"3741",76535973,0
"3742",76552211,0
"3743",76572844,0
"3744",76585283,0
"3745",76609018,0
"3746",76627179,0
"3747",76631097,0
"3748",76637977,0
"3749",76653183,1
"3750",76695269,0
"3751",76724746,0
"3752",76726840,0
"3753",76729131,0
"3754",76744566,0
"3755",76745264,0
"3756",76784284,0
"3757",76798138,0
"3758",76824124,0
"3759",76878189,0
"3760",76894502,0
"3761",76894644,0
"3762",76951372,1
"3763",76960102,0
"3764",76985075,1
"3765",76994460,0
"3766",77000826,0
"3767",77022131,0
"3768",77027045,0
"3769",77120891,0
"3770",77138278,1
"3771",77158624,0
"3772",77189596,0
"3773",77217372,0
"3774",77225089,0
"3775",77244199,0
"3776",77250893,0
"3777",77264805,0
"3778",77294326,0
"3779",77310318,1
"3780",77342468,0
"3781",77345402,0
"3782",77373457,0
"3783",77382014,0
"3784",77387014,0
"3785",77390614,0
"3786",77392491,0
"3787",77401638,0
"3788",77406171,0
"3789",77414546,0
"3790",77433317,0
"3791",77467903,0
"3792",77478864,0
"3793",77493872,0
"3794",77504486,0
"3795",77527844,0
"3796",77534591,0
"3797",77562323,0
"3798",77623937,0
"3799",77638362,0
"3800",77640260,0
"3801",77659887,0
"3802",77692727,1
"3803",77731131,0
"3804",77733397,0
"3805",77764947,0
"3806",77769847,0
"3807",77890116,0
"3808",77915571,0
"3809",77919682,0
"3810",77929053,0
"3811",77946509,0
"3812",77962723,1
"3813",77965135,0
"3814",77988158,1
"3815",78004734,0
"3816",78016815,0
"3817",78041970,0
"3818",78056345,0
"3819",78059616,0
"3820",78060005,1
"3821",78060202,0
"3822",78074842,0
"3823",78074886,0
"3824",78086677,0
"3825",78115734,0
"3826",78120834,1
"3827",78135576,0
"3828",78142787,0
"3829",78143198,0
"3830",78146759,0
"3831",78151090,0
"3832",78189606,0
"3833",78191111,0
"3834",78214792,0
"3835",78231048,0
"3836",78245337,0
"3837",78249829,0
"3838",78290513,0
"3839",78338429,0
"3840",78343889,0
"3841",78397485,1
"3842",78442128,0
"3843",78509549,0
"3844",78516022,0
"3845",78524507,0
"3846",78531301,0
"3847",78534502,0
"3848",78543536,0
"3849",78588542,0
"3850",78601383,0
"3851",78609927,0
"3852",78632151,0
"3853",78651337,0
"3854",78687935,0
"3855",78696148,0
"3856",78699542,0
"3857",78699945,0
"3858",78715506,0
"3859",78735153,0
"3860",78769485,0
"3861",78771917,0
"3862",78784144,0
"3863",78838958,0
"3864",78840598,0
"3865",78882281,0
"3866",78891230,0
"3867",78910742,0
"3868",78920870,0
"3869",78926181,1
"3870",78928254,0
"3871",78929525,0
"3872",78945336,1
"3873",78946008,0
"3874",78968644,0
"3875",78972485,1
"3876",78972674,0
"3877",78973765,0
"3878",79014308,0
"3879",79019728,1
"3880",79020294,0
"3881",79027761,1
"3882",79033830,0
"3883",79050134,0
"3884",79067856,0
"3885",79078279,0
"3886",79080765,0
"3887",79091719,0
"3888",79094523,0
"3889",79097835,0
"3890",79100984,0
"3891",79129021,0
"3892",79151447,1
"3893",79154887,0
"3894",79185516,0
"3895",79257150,0
"3896",79266602,0
"3897",79292995,0
"3898",79336481,0
"3899",79340157,0
"3900",79343763,0
"3901",79386498,1
"3902",79394443,0
"3903",79406967,0
"3904",79411101,0
"3905",79417844,0
"3906",79434218,0
"3907",79460995,0
"3908",79475734,0
"3909",79503709,0
"3910",79507631,0
"3911",79508235,0
"3912",79509821,1
"3913",79525037,0
"3914",79535124,0
"3915",79545193,0
"3916",79547704,0
"3917",79548877,0
"3918",79560247,0
"3919",79618076,0
"3920",79656101,0
"3921",79656944,0
"3922",79663593,0
"3923",79673829,0
"3924",79686083,1
"3925",79693681,1
"3926",79700210,0
"3927",79718998,0
"3928",79721416,0
"3929",79731275,0
"3930",79743816,0
"3931",79753190,0
"3932",79768756,0
"3933",79772876,0
"3934",79781002,0
"3935",79829118,0
"3936",79829307,0
"3937",79856021,1
"3938",79863267,0
"3939",79898183,0
"3940",79944820,0
"3941",79949352,0
"3942",79986586,0
"3943",79991799,0
"3944",80000740,0
"3945",80003630,1
"3946",80018462,0
"3947",80030297,0
"3948",80036435,0
"3949",80036968,0
"3950",80078991,0
"3951",80097791,0
"3952",80126136,0
"3953",80149177,0
"3954",80156603,0
"3955",80219515,0
"3956",80227153,0
"3957",80228441,0
"3958",80257444,0
"3959",80260050,0
"3960",80273187,0
"3961",80288822,0
"3962",80323853,0
"3963",80350601,0
"3964",80357582,0
"3965",80404944,0
"3966",80442678,0
"3967",80457800,0
"3968",80479813,0
"3969",80481511,0
"3970",80486578,0
"3971",80503782,0
"3972",80520573,0
"3973",80528800,0
"3974",80532555,0
"3975",80550799,0
"3976",80554842,0
"3977",80577936,0
"3978",80593292,0
"3979",80608255,0
"3980",80621110,0
"3981",80634018,0
"3982",80639623,0
"3983",80641463,0
"3984",80643755,0
"3985",80648452,0
"3986",80652578,0
"3987",80657098,0
"3988",80709702,0
"3989",80767364,0
"3990",80773037,1
"3991",80774707,0
"3992",80777171,0
"3993",80788052,0
"3994",80799043,0
"3995",80813684,0
"3996",80825712,0
"3997",80846785,0
"3998",80898714,0
"3999",80912446,0
"4000",80918369,0
"4001",80985576,0
"4002",81019677,0
"4003",81024402,0
"4004",81033162,0
"4005",81044200,0
"4006",81052875,0
"4007",81058411,0
"4008",81059548,0
"4009",81069266,0
"4010",81079205,0
"4011",81103402,0
"4012",81107117,1
"4013",81108258,0
"4014",81116147,0
"4015",81122225,0
"4016",81124295,0
"4017",81229400,0
"4018",81263616,0
"4019",81309914,0
"4020",81320270,0
"4021",81328527,1
"4022",81344547,0
"4023",81356653,1
"4024",81361485,0
"4025",81362986,0
"4026",81375603,1
"4027",81395117,0
"4028",81406937,0
"4029",81425571,0
"4030",81430032,0
"4031",81438152,0
"4032",81456942,0
"4033",81458839,0
"4034",81466753,0
"4035",81467417,0
"4036",81470959,0
"4037",81515147,0
"4038",81532217,0
"4039",81532585,0
"4040",81533411,0
"4041",81557228,0
"4042",81559146,0
"4043",81570603,1
"4044",81571693,0
"4045",81585158,0
"4046",81586796,0
"4047",81607414,0
"4048",81632040,0
"4049",81646426,0
"4050",81648450,0
"4051",81663496,0
"4052",81681144,0
"4053",81714080,0
"4054",81714142,0
"4055",81748918,0
"4056",81793348,0
"4057",81794543,0
"4058",81814430,0
"4059",81823257,0
"4060",81827080,0
"4061",81919645,0
"4062",81924360,0
"4063",81936787,0
"4064",81940085,1
"4065",81958100,0
"4066",81978525,0
"4067",81988398,0
"4068",82061754,0
"4069",82064442,0
"4070",82074423,0
"4071",82081411,0
"4072",82161179,0
"4073",82167186,0
"4074",82184997,0
"4075",82192023,1
"4076",82212137,0
"4077",82224334,0
"4078",82252791,0
"4079",82264389,0
"4080",82267151,0
"4081",82267378,0
"4082",82269357,0
"4083",82311258,0
"4084",82320167,0
"4085",82322830,0
"4086",82324932,0
"4087",82326978,0
"4088",82327368,0
"4089",82341136,0
"4090",82381561,0
"4091",82422425,0
"4092",82428143,0
"4093",82441861,0
"4094",82511394,0
"4095",82530439,0
"4096",82544495,0
"4097",82572395,0
"4098",82576700,0
"4099",82612822,0
"4100",82616009,0
"4101",82643740,0
"4102",82667426,0
"4103",82682405,0
"4104",82682741,1
"4105",82703328,0
"4106",82706269,0
"4107",82716394,0
"4108",82719420,0
"4109",82757910,0
"4110",82793367,0
"4111",82818291,0
"4112",82824950,0
"4113",82837590,0
"4114",82850777,0
"4115",82859102,0
"4116",82888408,0
"4117",82891795,0
"4118",82892644,0
"4119",82895002,0
"4120",82923038,0
"4121",82955159,0
"4122",82959008,0
"4123",82960179,0
"4124",82973742,1
"4125",83011919,0
"4126",83013177,0
"4127",83013203,0
"4128",83014567,0
"4129",83024547,0
"4130",83046421,0
"4131",83048215,0
"4132",83051649,0
"4133",83068288,0
"4134",83068907,0
"4135",83071163,0
"4136",83079200,0
"4137",83094050,0
"4138",83143755,0
"4139",83151045,0
"4140",83153001,0
"4141",83160972,0
"4142",83178126,0
"4143",83189067,0
"4144",83209308,0
"4145",83236990,0
"4146",83259036,0
"4147",83268738,0
"4148",83289223,0
"4149",83300169,0
"4150",83307621,0
"4151",83312895,0
"4152",83368861,0
"4153",83378482,0
"4154",83430886,1
"4155",83431297,0
"4156",83445290,0
"4157",83485777,0
"4158",83527393,0
"4159",83532503,0
"4160",83572138,0
"4161",83587787,0
"4162",83622123,0
"4163",83642811,0
"4164",83653845,0
"4165",83722863,0
"4166",83743932,0
"4167",83797295,0
"4168",83818604,0
"4169",83864795,0
"4170",83869000,0
"4171",83889179,0
"4172",83896825,0
"4173",83899588,0
"4174",83920310,0
"4175",83922991,0
"4176",83931239,0
"4177",83951510,0
"4178",83976996,0
"4179",83990893,0
"4180",84025972,0
"4181",84065016,0
"4182",84078803,0
"4183",84111753,0
"4184",84120498,0
"4185",84144720,1
"4186",84171371,1
"4187",84197958,0
"4188",84200269,0
"4189",84209346,0
"4190",84245817,0
"4191",84275315,0
"4192",84290993,0
"4193",84313809,0
"4194",84330359,0
"4195",84333032,0
"4196",84351290,0
"4197",84352266,0
"4198",84393908,0
"4199",84421665,0
"4200",84423157,0
"4201",84425572,0
"4202",84434869,0
"4203",84465067,0
"4204",84502527,0
"4205",84510797,0
"4206",84514828,0
"4207",84565361,0
"4208",84578454,0
"4209",84623445,0
"4210",84625947,0
"4211",84642842,0
"4212",84734372,1
"4213",84755003,0
"4214",84780747,1
"4215",84791525,0
"4216",84825907,0
"4217",84831965,0
"4218",84861605,0
"4219",84866738,0
"4220",84893573,0
"4221",84905578,1
"4222",84940338,0
"4223",84971009,0
"4224",85034654,0
"4225",85093054,0
"4226",85127335,0
"4227",85130029,0
"4228",85187275,0
"4229",85229578,0
"4230",85237506,0
"4231",85238195,0
"4232",85251850,0
"4233",85259306,0
"4234",85286946,0
"4235",85407940,0
"4236",85445313,0
"4237",85454157,0
"4238",85467651,0
"4239",85470158,0
"4240",85487958,0
"4241",85489697,0
"4242",85509956,0
"4243",85527309,0
"4244",85588894,0
"4245",85631813,0
"4246",85647842,0
"4247",85659351,1
"4248",85673986,0
"4249",85679842,0
"4250",85680361,0
"4251",85699224,0
"4252",85731976,0
"4253",85733804,0
"4254",85738357,0
"4255",85740314,0
"4256",85765520,0
"4257",85781258,0
"4258",85791489,0
"4259",85797545,1
"4260",85806970,0
"4261",85808854,0
"4262",85858726,0
"4263",85859719,0
"4264",85865680,0
"4265",85868043,0
"4266",85894536,0
"4267",85936441,0
"4268",85939369,0
"4269",85943005,0
"4270",85968864,0
"4271",85986137,0
"4272",86041325,0
"4273",86043222,0
"4274",86048528,0
"4275",86065207,0
"4276",86090594,0
"4277",86093597,0
"4278",86097523,0
"4279",86139906,1
"4280",86142198,0
"4281",86142466,0
"4282",86146729,0
"4283",86146964,0
"4284",86150356,0
"4285",86155585,0
"4286",86166467,0
"4287",86197392,0
"4288",86222139,0
"4289",86244980,0
"4290",86272876,0
"4291",86284056,1
"4292",86298951,0
"4293",86318129,0
"4294",86320551,0
"4295",86330016,1
"4296",86343850,0
"4297",86345642,0
"4298",86359118,0
"4299",86363228,0
"4300",86382869,1
"4301",86400764,0
"4302",86431913,1
"4303",86440680,0
"4304",86495613,0
"4305",86500086,0
"4306",86508409,0
"4307",86513006,0
"4308",86522385,0
"4309",86552430,0
"4310",86556357,0
"4311",86597642,1
"4312",86602987,0
"4313",86615189,0
"4314",86625446,0
"4315",86639592,0
"4316",86649148,0
"4317",86655139,1
"4318",86677409,0
"4319",86686192,0
"4320",86693795,1
"4321",86697153,0
"4322",86697703,0
"4323",86702083,0
"4324",86787837,0
"4325",86802631,0
"4326",86817823,1
"4327",86858642,0
"4328",86872283,0
"4329",86885564,0
"4330",86902114,0
"4331",86902182,0
"4332",86911344,0
"4333",86928440,0
"4334",86946717,0
"4335",86954936,0
"4336",86955586,0
"4337",86972474,0
"4338",86974769,1
"4339",86986262,0
"4340",86991803,1
"4341",87018603,0
"4342",87018807,1
"4343",87021680,1
"4344",87037258,0
"4345",87076313,0
"4346",87103071,0
"4347",87121537,0
"4348",87139147,1
"4349",87139635,0
"4350",87139844,0
"4351",87144827,0
"4352",87144995,0
"4353",87154477,0
"4354",87161085,0
"4355",87164127,0
"4356",87176656,0
"4357",87185818,0
"4358",87205651,0
"4359",87215250,0
"4360",87264840,0
"4361",87268045,0
"4362",87321440,0
"4363",87327600,0
"4364",87338285,0
"4365",87357469,0
"4366",87362712,0
"4367",87366776,0
"4368",87374287,0
"4369",87407361,0
"4370",87409355,1
"4371",87415814,0
"4372",87426782,0
"4373",87452103,0
"4374",87466438,0
"4375",87473849,1
"4376",87496786,0
"4377",87518977,0
"4378",87525157,0
"4379",87615941,0
"4380",87616881,0
"4381",87636511,0
"4382",87637450,0
"4383",87661993,0
"4384",87665717,0
"4385",87668882,0
"4386",87691615,0
"4387",87701951,0
"4388",87723854,0
"4389",87756820,1
"4390",87777808,0
"4391",87804382,0
"4392",87805890,0
"4393",87834116,0
"4394",87848487,0
"4395",87870386,0
"4396",87871531,1
"4397",87884849,0
"4398",87902072,0
"4399",87903176,0
"4400",87903390,0
"4401",87905991,0
"4402",87920885,0
"4403",87983303,0
"4404",88036356,0
"4405",88038299,0
"4406",88051657,0
"4407",88052578,0
"4408",88071573,0
"4409",88079671,0
"4410",88090952,0
"4411",88119452,0
"4412",88137273,0
"4413",88184135,0
"4414",88216853,0
"4415",88238564,0
"4416",88240501,0
"4417",88244206,0
"4418",88252347,0
"4419",88254565,0
"4420",88257237,0
"4421",88275415,0
"4422",88289991,0
"4423",88308547,0
"4424",88316803,0
"4425",88330005,0
"4426",88332431,0
"4427",88342968,0
"4428",88363390,0
"4429",88382354,0
"4430",88404487,0
"4431",88415628,1
"4432",88422559,0
"4433",88443271,0
"4434",88451981,0
"4435",88458099,0
"4436",88499140,0
"4437",88518401,0
"4438",88520901,0
"4439",88523003,0
"4440",88573647,0
"4441",88583762,0
"4442",88588949,0
"4443",88630468,1
"4444",88645949,0
"4445",88651867,0
"4446",88662939,0
"4447",88676030,0
"4448",88692550,0
"4449",88697325,0
"4450",88721727,0
"4451",88749526,0
"4452",88752208,0
"4453",88756798,0
"4454",88854700,0
"4455",88880963,0
"4456",88920520,0
"4457",88935382,0
"4458",88942383,0
"4459",88944357,1
"4460",88969654,0
"4461",88969694,0
"4462",88972584,0
"4463",89034333,0
"4464",89043269,0
"4465",89059050,0
"4466",89071199,0
"4467",89074575,0
"4468",89118423,1
"4469",89119015,0
"4470",89131215,0
"4471",89136720,0
"4472",89142308,0
"4473",89142637,0
"4474",89178465,0
"4475",89189236,0
"4476",89200196,1
"4477",89207892,0
"4478",89213504,0
"4479",89239207,0
"4480",89257262,1
"4481",89268770,0
"4482",89272275,0
"4483",89295127,0
"4484",89296510,0
"4485",89333715,0
"4486",89341722,0
"4487",89359962,0
"4488",89365842,0
"4489",89374843,0
"4490",89376725,0
"4491",89384014,0
"4492",89386008,0
"4493",89402594,0
"4494",89402639,0
"4495",89412250,0
"4496",89423328,0
"4497",89452535,0
"4498",89459995,0
"4499",89473617,0
"4500",89474721,0
"4501",89475763,0
"4502",89532500,0
"4503",89589076,0
"4504",89600046,0
"4505",89641102,0
"4506",89653149,0
"4507",89670329,0
"4508",89720123,0
"4509",89722399,0
"4510",89725555,0
"4511",89733799,0
"4512",89744278,0
"4513",89763448,0
"4514",89802176,0
"4515",89803740,0
"4516",89810284,0
"4517",89810899,0
"4518",89814584,0
"4519",89824656,0
"4520",89857307,0
"4521",89859587,0
"4522",89861191,1
"4523",89897207,0
"4524",89912766,0
"4525",89921393,1
"4526",89925589,0
"4527",89940902,0
"4528",89944866,0
"4529",89949823,0
"4530",89977168,0
"4531",90035426,0
"4532",90046707,0
"4533",90059146,0
"4534",90061802,1
"4535",90071730,0
"4536",90076504,1
"4537",90092765,0
"4538",90115758,0
"4539",90118879,0
"4540",90145813,0
"4541",90156521,0
"4542",90160916,0
"4543",90166740,0
"4544",90170130,1
"4545",90199837,1
"4546",90217733,0
"4547",90233400,0
"4548",90239199,0
"4549",90243501,0
"4550",90244494,0
"4551",90283371,0
"4552",90309569,0
"4553",90321720,0
"4554",90340133,0
"4555",90340421,0
"4556",90363345,0
"4557",90386014,0
"4558",90392583,0
"4559",90419374,0
"4560",90424178,0
"4561",90435342,0
"4562",90446744,0
"4563",90504990,0
"4564",90520982,0
"4565",90601303,0
"4566",90616815,0
"4567",90627290,0
"4568",90627328,0
"4569",90663009,0
"4570",90673449,1
"4571",90683169,1
"4572",90692036,0
"4573",90712111,0
"4574",90734858,0
"4575",90773564,0
"4576",90790860,0
"4577",90826261,0
"4578",90832209,0
"4579",90840764,0
"4580",90856618,1
"4581",90884500,0
"4582",90888707,0
"4583",90895676,0
"4584",90956901,0
"4585",91002497,0
"4586",91017256,0
"4587",91072658,0
"4588",91164022,0
"4589",91168028,0
"4590",91168582,0
"4591",91175891,0
"4592",91192686,0
"4593",91214618,1
"4594",91294999,0
"4595",91304587,0
"4596",91335347,0
"4597",91337809,0
"4598",91341135,0
"4599",91356868,0
"4600",91356982,0
"4601",91365742,1
"4602",91371511,0
"4603",91435489,0
"4604",91449329,0
"4605",91472890,0
"4606",91473594,0
"4607",91508388,0
"4608",91528734,0
"4609",91552759,0
"4610",91574694,0
"4611",91588873,0
"4612",91609165,0
"4613",91612923,0
"4614",91621099,0
"4615",91634638,0
"4616",91635923,0
"4617",91642094,0
"4618",91648080,0
"4619",91662158,0
"4620",91674165,0
"4621",91707064,0
"4622",91711637,0
"4623",91734538,0
"4624",91762564,0
"4625",91781716,0
"4626",91806948,0
"4627",91811679,0
"4628",91816419,0
"4629",91835938,0
"4630",91843273,0
"4631",91851414,0
"4632",91861627,0
"4633",91884285,0
"4634",91884526,0
"4635",91914567,0
"4636",91933262,0
"4637",91936860,0
"4638",91939347,0
"4639",91958839,0
"4640",91970529,0
"4641",92009180,0
"4642",92037507,0
"4643",92099054,0
"4644",92109513,0
"4645",92111352,0
"4646",92118505,0
"4647",92119225,0
"4648",92128037,0
"4649",92147709,0
"4650",92150213,0
"4651",92152124,0
"4652",92152390,0
"4653",92155038,1
"4654",92156279,0
"4655",92175540,0
"4656",92204306,0
"4657",92223248,0
"4658",92241879,0
"4659",92246808,0
"4660",92288695,0
"4661",92289405,1
"4662",92289871,0
"4663",92296335,0
"4664",92335566,0
"4665",92358539,0
"4666",92375648,0
"4667",92383033,0
"4668",92401570,0
"4669",92421854,0
"4670",92426203,0
"4671",92454163,0
"4672",92498948,0
"4673",92504756,0
"4674",92515694,0
"4675",92526061,0
"4676",92529503,0
"4677",92536887,0
"4678",92541379,0
"4679",92562217,0
"4680",92583394,0
"4681",92597078,0
"4682",92597266,0
"4683",92612914,0
"4684",92635028,0
"4685",92647331,1
"4686",92688129,0
"4687",92718268,0
"4688",92724929,0
"4689",92753809,0
"4690",92759141,1
"4691",92784600,0
"4692",92794004,0
"4693",92797251,0
"4694",92804924,0
"4695",92807421,0
"4696",92818111,0
"4697",92820176,1
"4698",92825750,0
"4699",92830604,0
"4700",92832630,0
"4701",92838298,0
"4702",92884713,1
"4703",92908604,0
"4704",92922694,0
"4705",92932137,0
"4706",92951187,0
"4707",92956845,0
"4708",92957863,0
"4709",92989686,0
"4710",93000060,0
"4711",93002002,0
"4712",93008177,0
"4713",93020324,0
"4714",93129080,1
"4715",93145795,0
"4716",93155977,0
"4717",93165014,0
"4718",93165728,1
"4719",93194542,0
"4720",93231210,0
"4721",93246340,0
"4722",93271735,0
"4723",93286029,0
"4724",93323874,0
"4725",93345554,0
"4726",93353086,0
"4727",93406581,0
"4728",93408142,0
"4729",93413298,0
"4730",93442237,0
"4731",93462986,0
"4732",93488735,0
"4733",93496433,1
"4734",93526872,0
"4735",93529506,0
"4736",93559536,1
"4737",93578277,0
"4738",93583502,0
"4739",93586380,0
"4740",93611801,0
"4741",93621419,0
"4742",93636990,0
"4743",93668800,1
"4744",93691104,0
"4745",93701916,0
"4746",93735584,0
"4747",93742632,0
"4748",93761391,0
"4749",93768148,1
"4750",93773982,0
"4751",93780308,0
"4752",93781092,1
"4753",93823677,0
"4754",93826737,0
"4755",93831587,0
"4756",93835474,0
"4757",93861061,0
"4758",93910485,0
"4759",93957211,0
"4760",93960571,0
"4761",93983692,0
"4762",94000533,0
"4763",94022530,0
"4764",94024469,0
"4765",94032581,0
"4766",94048197,0
"4767",94049856,0
"4768",94058909,0
"4769",94107207,0
"4770",94166119,0
"4771",94172877,0
"4772",94183125,0
"4773",94196273,1
"4774",94206943,0
"4775",94213239,0
"4776",94213800,0
"4777",94227750,0
"4778",94243533,0
"4779",94252612,0
"4780",94260737,0
"4781",94265571,0
"4782",94276070,0
"4783",94285465,0
"4784",94287079,0
"4785",94322134,0
"4786",94322346,0
"4787",94323343,0
"4788",94328307,0
"4789",94347759,0
"4790",94357949,0
"4791",94420087,0
"4792",94453560,0
"4793",94482406,0
"4794",94509613,0
"4795",94530485,0
"4796",94535892,0
"4797",94544750,1
"4798",94546259,0
"4799",94551676,0
"4800",94576690,0
"4801",94618069,0
"4802",94629822,0
"4803",94633968,0
"4804",94645548,0
"4805",94645733,0
"4806",94653132,0
"4807",94653980,1
"4808",94735750,1
"4809",94742147,0
"4810",94771009,0
"4811",94772282,0
"4812",94776962,0
"4813",94802653,0
"4814",94832544,0
"4815",94833673,0
"4816",94837853,0
"4817",94897193,0
"4818",94898446,1
"4819",94911841,0
"4820",94919503,0
"4821",94935576,1
"4822",94952571,0
"4823",94969478,0
"4824",94986464,0
"4825",95011077,0
"4826",95035557,0
"4827",95058627,0
"4828",95073723,1
"4829",95079690,0
"4830",95084559,0
"4831",95124373,0
"4832",95132184,1
"4833",95139273,1
"4834",95144755,0
"4835",95150600,0
"4836",95169929,0
"4837",95172684,0
"4838",95173456,0
"4839",95184156,0
"4840",95204178,0
"4841",95205019,0
"4842",95242416,0
"4843",95295130,0
"4844",95307440,0
"4845",95348613,0
"4846",95356433,0
"4847",95396982,0
"4848",95434595,0
"4849",95444424,0
"4850",95459793,1
"4851",95517155,0
"4852",95522893,0
"4853",95525874,0
"4854",95528883,0
"4855",95552201,0
"4856",95575656,0
"4857",95589488,0
"4858",95590015,0
"4859",95593549,0
"4860",95622234,0
"4861",95647648,0
"4862",95649865,1
"4863",95651207,0
"4864",95680438,0
"4865",95704276,0
"4866",95710115,0
"4867",95720236,0
"4868",95732507,1
"4869",95781089,0
"4870",95786018,0
"4871",95790045,0
"4872",95793711,0
"4873",95812692,0
"4874",95815934,0
"4875",95859689,0
"4876",95869188,0
"4877",95877176,0
"4878",95879920,0
"4879",95892800,0
"4880",95892995,0
"4881",95922629,0
"4882",95926442,0
"4883",95940595,0
"4884",95947659,0
"4885",96012878,0
"4886",96052375,0
"4887",96066656,0
"4888",96069544,0
"4889",96108209,0
"4890",96120366,0
"4891",96120572,0
"4892",96125616,0
"4893",96157600,0
"4894",96160292,0
"4895",96166352,0
"4896",96172246,0
"4897",96224441,0
"4898",96250762,0
"4899",96254001,0
"4900",96287484,0
"4901",96290482,0
"4902",96370789,0
"4903",96381423,0
"4904",96384558,0
"4905",96459912,0
"4906",96459986,0
"4907",96469324,0
"4908",96472836,0
"4909",96475670,0
"4910",96476472,1
"4911",96488057,0
"4912",96499029,0
"4913",96520856,0
"4914",96534471,0
"4915",96573866,0
"4916",96588317,0
"4917",96590319,0
"4918",96622191,0
"4919",96636069,0
"4920",96637133,0
"4921",96670177,0
"4922",96678656,1
"4923",96720540,1
"4924",96741398,0
"4925",96763219,0
"4926",96767643,0
"4927",96799872,1
"4928",96802572,0
"4929",96828489,0
"4930",96896952,0
"4931",96900527,1
"4932",96907503,0
"4933",96993378,0
"4934",97002064,0
"4935",97029986,0
"4936",97053087,0
"4937",97054764,0
"4938",97071841,0
"4939",97082816,0
"4940",97091028,0
"4941",97100164,0
"4942",97106317,0
"4943",97111718,0
"4944",97113586,0
"4945",97129946,0
"4946",97131380,0
"4947",97151763,0
"4948",97164324,0
"4949",97190289,0
"4950",97211212,0
"4951",97232446,0
"4952",97245496,0
"4953",97271473,0
"4954",97272045,0
"4955",97280627,0
"4956",97318181,0
"4957",97359037,0
"4958",97361724,0
"4959",97404418,0
"4960",97428898,0
"4961",97435415,0
"4962",97438752,0
"4963",97447207,0
"4964",97474354,0
"4965",97497108,0
"4966",97524276,0
"4967",97559108,0
"4968",97598388,0
"4969",97601679,0
"4970",97607686,1
"4971",97660214,0
"4972",97665725,0
"4973",97694705,0
"4974",97714744,0
"4975",97725499,0
"4976",97751609,0
"4977",97765584,0
"4978",97773318,0
"4979",97777551,0
"4980",97818861,0
"4981",97829208,0
"4982",97844979,0
"4983",97881795,0
"4984",97883233,1
"4985",97889664,0
"4986",97896608,0
"4987",97912701,0
"4988",97924004,0
"4989",97924367,0
"4990",97936081,1
"4991",97960828,0
"4992",97967146,0
"4993",97969286,0
"4994",97976527,0
"4995",97980118,0
"4996",97980919,0
"4997",98031901,0
"4998",98041819,0
"4999",98047376,0
"5000",98051772,0
"5001",98089445,0
"5002",98096088,0
"5003",98134795,0
"5004",98135586,0
"5005",98152555,0
"5006",98154152,0
"5007",98183457,0
"5008",98187071,0
"5009",98200967,0
"5010",98221482,0
"5011",98227627,0
"5012",98252127,0
"5013",98260478,0
"5014",98286552,0
"5015",98315498,0
"5016",98317336,0
"5017",98338129,0
"5018",98347165,0
"5019",98388790,0
"5020",98399988,0
"5021",98411799,0
"5022",98431757,0
"5023",98435029,0
"5024",98477535,0
"5025",98485600,0
"5026",98487618,0
"5027",98488155,0
"5028",98502723,0
"5029",98506065,0
"5030",98550226,0
"5031",98566537,0
"5032",98566748,0
"5033",98588821,1
"5034",98589166,0
"5035",98634644,1
"5036",98647235,0
"5037",98742850,0
"5038",98742983,0
"5039",98780882,0
"5040",98793866,0
"5041",98824031,0
"5042",98831819,0
"5043",98849275,0
"5044",98855535,0
"5045",98856770,0
"5046",98912024,0
"5047",98921980,0
"5048",98939756,0
"5049",98948762,0
"5050",98984928,0
"5051",98989137,0
"5052",99064909,0
"5053",99071947,0
"5054",99094701,0
"5055",99113231,0
"5056",99145683,0
"5057",99154073,0
"5058",99160554,0
"5059",99161478,0
"5060",99178252,0
"5061",99202795,0
"5062",99206786,0
"5063",99235920,0
"5064",99238599,0
"5065",99255017,0
"5066",99296168,0
"5067",99302577,0
"5068",99347925,0
"5069",99373407,0
"5070",99407660,0
"5071",99408187,0
"5072",99408271,0
"5073",99425664,0
"5074",99474562,0
"5075",99492157,0
"5076",99529287,0
"5077",99543863,0
"5078",99574519,0
"5079",99589559,0
"5080",99594793,0
"5081",99595620,1
"5082",99611926,0
"5083",99643747,0
"5084",99648475,0
"5085",99655918,0
"5086",99660654,0
"5087",99685883,0
"5088",99693591,0
"5089",99695421,0
"5090",99709288,0
"5091",99817010,0
"5092",99818965,1
"5093",99850437,0
"5094",99886358,0
"5095",99910041,0
"5096",99925818,0
"5097",99940875,0
"5098",99950951,0
"5099",99954460,1
"5100",99999855,0
