ID_CPTE,Default
10074849,0
10086539,0
10140908,1
10147994,1
10152808,0
10153124,1
10155947,1
10184787,0
10208611,0
10211370,1
10234434,1
10250516,1
10283617,0
10352558,0
10360546,0
10400778,1
10422353,1
10445885,0
10456836,1
10457314,0
10458286,0
10461050,0
10482423,1
10491253,0
10496971,0
10501380,0
10511181,0
10521098,1
10552161,1
10566728,1
10567310,1
10568979,0
10570323,0
10574791,0
10605841,0
10613297,1
10621039,0
10628526,1
10638145,0
10653165,1
10653245,1
10655966,0
10659296,0
10680173,0
10710620,0
10730817,0
10747934,0
10770155,0
10779648,0
10809898,0
10813722,1
10860622,1
10888272,0
10901261,1
10949115,0
10970954,1
10994148,0
11003622,1
11019865,0
11046088,1
11060123,1
11080494,0
11088572,0
11119995,0
11123945,0
11138026,1
11161135,1
11163410,1
11177142,0
11195216,0
11213741,1
11230608,0
11237341,1
11256074,1
11260697,0
11295517,0
11318694,1
11389745,0
11402628,1
11404723,1
11405414,1
11437470,0
11478454,1
11483578,1
11487644,1
11500471,1
11502063,0
11503093,0
11515639,0
11529742,1
11563105,0
11563234,1
11587925,1
11614264,1
11624915,1
11638807,1
11659194,1
11665681,1
11684497,0
11686399,0
11687764,0
11690683,0
11693467,1
11694955,0
11729879,1
11752561,0
11796740,0
11803485,0
11815650,0
11819625,0
11837286,1
11838142,0
11853859,1
11899817,1
11919186,1
11938973,0
11941222,0
11958724,0
11958799,0
12000296,0
12033356,0
12058502,1
12148635,1
12158823,0
12176660,1
12193114,1
12209679,1
12222996,1
12228241,0
12234011,0
12247846,0
12253907,1
12266352,0
12268923,1
12280108,1
12296342,1
12327786,0
12357726,1
12406827,0
12407857,0
12431442,1
12440207,0
12443109,0
12443449,1
12450773,1
12455317,1
12457247,0
12504877,1
12507784,1
12509735,0
12510722,1
12588040,0
12631167,0
12638687,1
12670529,1
12674901,0
12681551,0
12691891,0
12705249,0
12736719,1
12754894,1
12759649,0
12768522,0
12794228,0
12811200,1
12817588,0
12819536,1
12823008,1
12842952,0
12843752,0
12853134,1
12855317,0
12889996,1
12903198,0
12907643,0
12908200,1
12934767,1
12935527,0
12970823,1
12991600,0
13014052,0
13020803,0
13021889,0
13022651,1
13040161,0
13075249,0
13099118,0
13146590,0
13155529,1
13168277,1
13196299,0
13197340,0
13218979,0
13225642,0
13250752,0
13277313,0
13277822,0
13323874,1
13324898,1
13347578,0
13356471,0
13360829,0
13361843,0
13366911,1
13367909,1
13386690,0
13424956,1
13427995,1
13444270,0
13453327,1
13475309,1
13496345,1
13503090,1
13555047,0
13559691,1
13577470,0
13593130,1
13635632,0
13670114,0
13670758,0
13671141,1
13677899,0
13706503,1
13718838,0
13742639,1
13746059,0
13772493,0
13778147,0
13787120,0
13860005,1
13916008,1
13918683,1
13946000,0
13948731,0
13950715,0
13950747,1
13974712,0
13986581,0
13999035,0
14004462,1
14021817,0
14023293,0
14053880,0
14056676,1
14059552,1
14071203,0
14073953,0
14085121,0
14099010,1
14103078,1
14140936,0
14164110,0
14179737,1
14215309,1
14215392,1
14223598,0
14230923,0
14265953,0
14278214,0
14314370,0
14324818,0
14355674,1
14387097,0
14391958,1
14408693,1
14441948,0
14446708,0
14506439,1
14507742,0
14522841,0
14536275,0
14571094,0
14609744,1
14610765,0
14623921,1
14624657,0
14642958,1
14647790,1
14659824,0
14664882,0
14670083,0
14714805,1
14729797,0
14741404,1
14745382,0
14763519,0
14776982,0
14787040,0
14788698,1
14795627,0
14798577,0
14839216,0
14855739,0
14919350,0
14939560,0
14966073,0
15011508,0
15012472,0
15049774,0
15067701,0
15078407,0
15080687,1
15113347,0
15144802,0
15157721,0
15161671,0
15175114,0
15188540,0
15275975,0
15299465,0
15306079,0
15307149,1
15316382,0
15317201,0
15335995,0
15390883,0
15403268,0
15407632,0
15439727,0
15452825,1
15458819,0
15459267,0
15493676,1
15516593,1
15522635,1
15522884,1
15527321,0
15528078,0
15528272,1
15551810,1
15576366,0
15584595,1
15608561,0
15608737,1
15656292,1
15656563,1
15659120,0
15674618,0
15690366,0
15696832,0
15699273,1
15732177,1
15750689,0
15770128,0
15779339,1
15791577,1
15791865,0
15796244,0
15808810,1
15851377,1
15857580,0
15868310,0
15876586,0
15899393,1
15948881,0
15961799,1
15961871,0
15962319,0
15986841,1
15987025,0
15995870,1
16024852,0
16064438,0
16069600,1
16078875,0
16088194,1
16128549,0
16153539,0
16176944,0
16177868,1
16202781,1
16209459,0
16231071,0
16240468,0
16253258,0
16259254,0
16264191,0
16272758,0
16310098,0
16327927,1
16341614,0
16344023,1
16371501,0
16388554,0
16398613,0
16424431,0
16428255,0
16428309,1
16441791,1
16443718,1
16460124,0
16474498,0
16483411,1
16487598,0
16494454,0
16521638,1
16589927,0
16634325,1
16658001,1
16670534,1
16689907,0
16721594,1
16736886,0
16815885,0
16839817,1
16893817,0
16897670,1
16922155,0
16970209,0
16977655,0
16987301,1
17005493,0
17081678,0
17086307,1
17096384,1
17130602,0
17161422,0
17171650,0
17216427,0
17274555,1
17280242,0
17286568,0
17323984,0
17324064,0
17328822,0
17363557,0
17369975,0
17384972,1
17406545,0
17406690,0
17410951,1
17423797,0
17446413,0
17492116,0
17521195,0
17534374,0
17542311,0
17547185,1
17551739,0
17564391,1
17608448,1
17659751,1
17681873,0
17687497,0
17693944,0
17712953,1
17751309,0
17782946,0
17786080,0
17797027,1
17798822,1
17822667,0
17882927,0
17908962,0
17922285,0
17940953,0
17952001,1
17953135,0
17959338,0
17966626,1
17967650,1
17975653,0
17975938,0
17988053,0
18050859,0
18052475,0
18066518,0
18082474,0
18109025,0
18109747,1
18110563,1
18220933,0
18231612,0
18239888,0
18307006,0
18308715,0
18311788,0
18313863,0
18322096,0
18352717,1
18353515,1
18363503,0
18366672,0
18377473,0
18394124,0
18400638,0
18410777,0
18416841,0
18426133,0
18443305,0
18447986,0
18464790,0
18474154,1
18479945,0
18507184,1
18512921,0
18523202,0
18524601,0
18535424,0
18570268,0
18603371,0
18604780,1
18613831,1
18619286,0
18627458,0
18639328,1
18641558,0
18654864,0
18673221,1
18701292,0
18756929,1
18770941,0
18786115,1
18792143,1
18797827,1
18798263,0
18802224,0
18803896,1
18804258,0
18810659,0
18855113,1
18856868,1
18867060,1
18888677,0
18924352,1
18931488,0
18942211,0
18949514,0
18961767,1
18998020,0
19006192,0
19022195,1
19022374,0
19075259,1
19139802,1
19153222,1
19165005,0
19183191,0
19206921,1
19207731,0
19214477,0
19222013,0
19231739,1
19234659,1
19245451,0
19258043,0
19285497,0
19314677,1
19317686,0
19327760,1
19345845,0
19349030,1
19362123,0
19372751,0
19374236,0
19377038,1
19384629,0
19395882,0
19409632,0
19414004,0
19435513,0
19491820,0
19511976,0
19526013,1
19538969,1
19548374,1
19549563,0
19567381,1
19575527,0
19600278,0
19604662,1
19621395,1
19658787,0
19667117,0
19674165,0
19674957,0
19700120,0
19702532,0
19712250,0
19717110,1
19721361,0
19723079,0
19737709,1
19838828,0
19854509,1
19883220,1
19921212,0
19924879,0
19928553,0
19942582,0
19956162,1
19963369,1
19979496,0
19993600,0
20002314,0
20003168,0
20036916,1
20074454,0
20083342,1
20109784,1
20135156,0
20193611,0
20207418,0
20219637,0
20227260,0
20229007,1
20238233,0
20248255,1
20258519,1
20289135,1
20332722,0
20362092,1
20378666,1
20396637,1
20400220,0
20408531,1
20420096,0
20525996,1
20564446,0
20582136,1
20603310,0
20652971,1
20676235,0
20733584,0
20743528,0
20760224,0
20768972,0
20769550,1
20781466,0
20829840,0
20848541,0
20910637,0
20932657,0
20942070,0
20945076,1
20970936,0
20979329,1
20983782,0
20987505,0
21024348,0
21060836,1
21085927,0
21118850,1
21119842,0
21174914,0
21211783,1
21214769,1
21224559,1
21228384,0
21233109,0
21266172,1
21270744,0
21302198,1
21313046,0
21365335,1
21391355,1
21414750,0
21436041,0
21444953,0
21473851,1
21474127,0
21491350,1
21502041,0
21523309,1
21559608,1
21561355,0
21596940,1
21598298,1
21610439,1
21629907,0
21655908,0
21670709,1
21679657,0
21684550,0
21722788,1
21748156,1
21762689,1
21777152,0
21825090,0
21843223,0
21859913,1
21865104,0
21885516,1
21896369,0
21907269,0
21930242,0
21935444,0
21970860,0
22064519,0
22079983,1
22082201,0
22108455,1
22119570,0
22122383,0
22142976,1
22180148,0
22200623,0
22216036,0
22221119,0
22221147,0
22243395,1
22277998,1
22286945,1
22317837,0
22343935,0
22421775,1
22427013,0
22467211,1
22488733,1
22489514,1
22529386,0
22536222,0
22555458,0
22577089,0
22654934,0
22662574,0
22664236,0
22672937,0
22722324,1
22785153,0
22792824,0
22839123,0
22839553,1
22877681,1
22889889,0
22889983,0
22897168,1
22912742,0
22932093,0
22932340,1
22940859,0
22957822,0
22972288,0
22987118,0
22990322,0
23028843,1
23086876,0
23129730,0
23132317,1
23141152,1
23147800,0
23155048,0
23157973,0
23164680,0
23167678,1
23170865,0
23221654,0
23236436,0
23256142,1
23261045,0
23264072,1
23292088,1
23299307,0
23332467,1
23377571,0
23423317,1
23436290,0
23445439,1
23454638,1
23463570,1
23474169,1
23487967,0
23488209,0
23503994,1
23505032,1
23507299,1
23508909,0
23515813,1
23524954,0
23528455,0
23530538,0
23558830,0
23558966,0
23586175,1
23618666,0
23623492,1
23639638,0
23661411,1
23674015,1
23689556,1
23716630,0
23719045,0
23722264,0
23728040,0
23750832,0
23764386,0
23793647,1
23820277,0
23823203,0
23836161,1
23859819,1
23879794,0
23901556,1
23911528,1
23918704,1
23923758,0
23932245,0
23936563,0
23961652,0
23973418,0
23987173,1
24006092,1
24041593,1
24058348,0
24066354,0
24130648,1
24131456,0
24144093,0
24146879,1
24163509,0
24178503,1
24187642,1
24196187,1
24203031,1
24209121,1
24238728,0
24275271,1
24278677,0
24280128,0
24289780,0
24313974,1
24314541,0
24317053,1
24326503,1
24342411,1
24346035,0
24410127,0
24428261,0
24428971,0
24453918,0
24474988,0
24499845,1
24502493,1
24525908,0
24545424,1
24561836,0
24565167,1
24573075,0
24576977,1
24591940,0
24592254,0
24596561,1
24612643,1
24624214,0
24627185,0
24647339,1
24655135,0
24663782,0
24665539,0
24711451,0
24737403,0
24742343,1
24759037,0
24766437,0
24771017,0
24772393,1
24801623,0
24806123,0
24814088,1
24847947,1
24857641,1
24873324,1
24890859,1
24896252,0
24908259,0
24909285,1
24944158,1
24962046,0
24979023,1
24993738,0
25018111,1
25024421,0
25031520,1
25038601,1
25059197,1
25090970,0
25116796,0
25138527,0
25162605,1
25181645,1
25193636,0
25195883,0
25253859,1
25259935,0
25261258,0
25269783,0
25270603,0
25288693,1
25289549,1
25297546,0
25323158,1
25325547,1
25344061,1
25350620,0
25363709,1
25365986,1
25464400,0
25470015,1
25471508,0
25473875,0
25484152,0
25489487,1
25531833,0
25532467,0
25538613,1
25540792,1
25642790,1
25643004,1
25650932,0
25696773,0
25698690,1
25707929,0
25724194,1
25746090,0
25759185,1
25771169,0
25801979,0
25827697,0
25838020,1
25841839,0
25850765,0
25865941,0
25896121,0
25911457,0
25926111,0
25933613,1
25934803,1
25958045,1
25963406,1
26037107,0
26045891,0
26054707,1
26069143,0
26089094,1
26101309,1
26122251,1
26196120,1
26208371,0
26211402,0
26227365,0
26253463,1
26282740,0
26283463,1
26321985,0
26325694,0
26340144,1
26351556,1
26355394,1
26355576,0
26387662,0
26408351,0
26450824,0
26454580,0
26499429,1
26510682,0
26521337,1
26535972,0
26543074,0
26573733,0
26583778,0
26592438,0
26644788,1
26645877,0
26661253,1
26670421,1
26717081,0
26741220,0
26750165,0
26764624,0
26789488,0
26796156,1
26808256,1
26819919,0
26823948,1
26824980,1
26845023,0
26859360,0
26897009,0
26906189,0
26908643,0
26929732,0
26962328,0
26970644,0
26994230,0
27000763,0
27011614,1
27019104,1
27090467,0
27120573,1
27132867,0
27155901,1
27193835,1
27217714,0
27224834,0
27226885,1
27230833,1
27235731,0
27286122,0
27328653,0
27354998,0
27386583,0
27392830,1
27396763,0
27407764,0
27415880,1
27416896,0
27419205,0
27435986,0
27443333,0
27471702,0
27492382,0
27501927,0
27530040,0
27532056,0
27541852,0
27544469,0
27594601,1
27598351,0
27620692,0
27725194,1
27748185,1
27763860,1
27821304,1
27821597,0
27836952,0
27842912,0
27850916,1
27909191,0
27948559,0
27959810,0
27963169,1
27995508,1
28004398,0
28008130,1
28030841,0
28045430,0
28049322,1
28060064,0
28096378,0
28116804,0
28125534,0
28139864,0
28151328,0
28164671,0
28201661,1
28206312,1
28217453,0
28270461,0
28278770,0
28290462,0
28344133,1
28369143,0
28373840,0
28410127,0
28410646,0
28410729,1
28435449,1
28435875,0
28454452,1
28459869,0
28468789,0
28491977,1
28512134,1
28538133,1
28542874,1
28545112,0
28570749,0
28571859,1
28587117,1
28611157,0
28612963,1
28615564,0
28618293,0
28669267,1
28670790,1
28693567,0
28697917,1
28731124,0
28841546,0
28849431,0
28864682,0
28877777,0
28889690,1
28914072,0
28935498,1
28944032,1
28949045,0
28969753,0
29002798,1
29006630,0
29056857,1
29069378,0
29087026,0
29087622,1
29117477,1
29117816,1
29126211,1
29129576,0
29146287,0
29160671,0
29164937,1
29167581,0
29180821,1
29220604,0
29228787,0
29259183,0
29259634,0
29264776,0
29267440,0
29300733,0
29341866,0
29363118,0
29379708,0
29383575,1
29392865,0
29439107,0
29444808,1
29446271,1
29466639,0
29472694,1
29482897,1
29485884,0
29504049,0
29548173,1
29554418,1
29579996,1
29585295,0
29605592,1
29607649,1
29657277,0
29665126,0
29674134,0
29675636,0
29710804,1
29736710,0
29761072,0
29794206,1
29799959,1
29808425,1
29854952,1
29862331,0
29873304,1
29893145,1
29894516,1
29902593,0
29932219,0
29987270,1
30000191,0
30026343,0
30062645,0
30064767,0
30076570,0
30076860,1
30081574,0
30094715,0
30111186,1
30113557,0
30123058,0
30146270,1
30163828,1
30194469,0
30202836,0
30228869,0
30238715,1
30247294,1
30267911,0
30269004,0
30271651,0
30280447,0
30295893,0
30300244,0
30304005,1
30307319,0
30308229,0
30317779,1
30337310,0
30337375,0
30365376,0
30391838,1
30408938,0
30432230,0
30447103,1
30473315,1
30482168,0
30524410,1
30544762,0
30564543,1
30569832,1
30593968,0
30634743,1
30649907,0
30705431,0
30717605,1
30717677,0
30723649,0
30730373,0
30740679,0
30758559,0
30762158,0
30792866,0
30804492,0
30817260,1
30834252,0
30844729,0
30845089,1
30845407,0
30932422,0
30958693,0
30963959,1
30964938,0
30974856,0
30983786,1
31009438,0
31031922,1
31038161,0
31069641,0
31092004,0
31095533,0
31096552,0
31098850,0
31109233,0
31118236,1
31138838,1
31145068,1
31145797,1
31205164,0
31317777,0
31391287,1
31424518,1
31438574,0
31466114,0
31496694,1
31505786,0
31509343,1
31527540,0
31531953,0
31534870,1
31538037,0
31541972,0
31550165,0
31562129,1
31604834,1
31671199,1
31678860,1
31685960,1
31709325,1
31714117,0
31726766,0
31730438,1
31755980,1
31774496,1
31775972,0
31776978,0
31778578,1
31791559,0
31796356,0
31799979,1
31800277,0
31823308,0
31848608,0
31875292,0
31937774,0
31952637,1
31969028,1
31986194,1
32013449,1
32013645,1
32015681,1
32020956,0
32065296,1
32081118,0
32083831,0
32154290,0
32183074,0
32186319,1
32203452,1
32340803,0
32349581,1
32353402,1
32358433,0
32387879,0
32391911,1
32419436,0
32422655,0
32460798,1
32468306,0
32484420,1
32507439,0
32507444,1
32511151,0
32527878,0
32547827,0
32555073,1
32561549,1
32563567,0
32580157,1
32649914,0
32669293,0
32682314,0
32683599,0
32686028,0
32691955,1
32741572,0
32766861,0
32768375,0
32782689,0
32800659,0
32813279,0
32825357,0
32846166,0
32854188,0
32862577,0
32873552,0
32886026,1
32886147,0
32936346,0
32946725,0
32949114,1
32987421,0
32992342,1
32996706,1
32999500,1
33009533,1
33022290,0
33042149,0
33062493,1
33075821,1
33081843,1
33092863,0
33094225,1
33141821,1
33152441,0
33176003,1
33186707,1
33246443,1
33259241,1
33261798,1
33271980,0
33276884,0
33300850,0
33306350,1
33364714,0
33380463,0
33396690,1
33413087,1
33422380,0
33422564,0
33442502,0
33450556,0
33501907,0
33532963,0
33552238,0
33568702,0
33582897,0
33617606,0
33626140,0
33723538,0
33733711,0
33747777,0
33763556,0
33769895,1
33799033,1
33810543,1
33817668,0
33840727,0
33846728,1
33863464,1
33863569,0
33869977,0
33906178,1
33912607,0
33927175,0
33938253,0
33946484,1
33973336,0
33977123,1
33991804,1
33994129,0
34003782,0
34006167,1
34019375,0
34039258,0
34066265,0
34080369,0
34099108,0
34125150,0
34144984,1
34156401,0
34215231,1
34217851,1
34231523,1
34238934,0
34239182,0
34265299,1
34277299,0
34294607,1
34314037,1
34348316,0
34361003,0
34368741,0
34377197,1
34428594,1
34470527,0
34488408,0
34504872,0
34530556,1
34561754,0
34583460,1
34588754,0
34595873,0
34600629,0
34603333,0
34608092,1
34624183,1
34645037,0
34658172,0
34658615,1
34700463,0
34705944,1
34766323,0
34768722,0
34805077,1
34808702,0
34819562,0
34823317,1
34945596,0
34950000,0
35011324,1
35022237,0
35030608,1
35032705,0
35038314,0
35053724,0
35056830,0
35064939,0
35074837,1
35076381,1
35078826,0
35111225,1
35121157,0
35130016,1
35145702,0
35166970,1
35174070,0
35211694,0
35216651,0
35242394,0
35244382,0
35248341,1
35271724,0
35289713,0
35295537,1
35299073,1
35313839,0
35324784,0
35336319,1
35343067,1
35357192,0
35369571,0
35381961,0
35386213,0
35413162,0
35465657,1
35476781,1
35500537,0
35525632,1
35551608,0
35566854,1
35568761,0
35602796,0
35606535,0
35617347,0
35664372,1
35670586,0
35672965,0
35684365,1
35693446,1
35694788,0
35715045,1
35732194,0
35755080,0
35777806,1
35786342,0
35786947,0
35805420,0
35808019,0
35814154,0
35815586,1
35818067,0
35842896,1
35860116,1
35863050,1
35889772,0
35900960,0
35913365,1
35917731,1
35918316,0
35918428,1
35920628,1
35927987,0
35931898,0
35933144,1
35951649,1
35965905,0
35993458,0
36015355,0
36024847,0
36029350,0
36064406,0
36064935,0
36082000,0
36135824,1
36205224,0
36205687,1
36216908,0
36235824,0
36246332,1
36249974,1
36259101,1
36290825,0
36362239,0
36366896,0
36378381,1
36412689,0
36428452,1
36438878,0
36454631,1
36478939,0
36480130,1
36489974,0
36498839,0
36520071,0
36524647,0
36553484,1
36556810,1
36565639,0
36590715,0
36695745,1
36697524,0
36704271,0
36708954,0
36727967,1
36762719,0
36769705,0
36791587,0
36799348,1
36814476,0
36816659,0
36848743,1
36879489,0
36898192,1
36900955,1
36921426,1
36930102,0
36984086,0
37034137,0
37060231,0
37070023,0
37113894,0
37118787,0
37130173,1
37133228,0
37165192,0
37224316,1
37249469,0
37261229,0
37266359,0
37269766,1
37285527,0
37299833,0
37321168,0
37328681,1
37330651,0
37337021,0
37343749,0
37390933,1
37402508,0
37429063,0
37457768,0
37459992,0
37494081,0
37507195,1
37538042,0
37540409,0
37554474,0
37575305,0
37622061,0
37638870,0
37656469,0
37669961,1
37703203,0
37713647,1
37767727,0
37767977,1
37833185,1
37861656,1
37866097,1
37872388,0
37883757,0
37888241,1
37914780,0
37919477,1
37956396,0
37985807,0
37998614,0
37999100,0
38000438,1
38008051,1
38014942,0
38020782,0
38023881,0
38063357,0
38072926,0
38078716,1
38127959,0
38128906,0
38141048,0
38152598,0
38174811,0
38190322,0
38217795,0
38229301,0
38235758,1
38276732,0
38296178,0
38308229,1
38331865,0
38336118,1
38347105,1
38366566,0
38395071,0
38431899,0
38434075,0
38440960,0
38452299,0
38465286,0
38476382,0
38477614,0
38480062,1
38499406,0
38563632,0
38569871,0
38574300,0
38576462,1
38629836,0
38630468,0
38641090,0
38659658,0
38659872,0
38662710,0
38664290,0
38678893,0
38694288,0
38740486,0
38783093,0
38820953,0
38823330,0
38899097,1
38930394,0
38943943,1
39025209,1
39056044,0
39064897,0
39088145,0
39099491,0
39121577,1
39197760,0
39213175,0
39233096,1
39269413,1
39291846,1
39334891,1
39358007,1
39386936,1
39388272,0
39407834,0
39422065,1
39424497,0
39476696,0
39477910,0
39511906,1
39544879,0
39566140,1
39580505,0
39585236,0
39641828,0
39668732,0
39698108,0
39709637,0
39720767,1
39742137,1
39742269,0
39750107,0
39754889,1
39780778,1
39790106,0
39801475,1
39831037,1
39862493,0
39910083,1
39922979,0
39942973,1
39950434,0
39982182,1
39993690,1
40005496,0
40006556,0
40016513,0
40018092,0
40029792,0
40038817,0
40041795,0
40049020,0
40109122,1
40148661,0
40149898,0
40169387,0
40202870,0
40241658,1
40281825,0
40299720,1
40303365,1
40322443,1
40325183,0
40329310,1
40341229,0
40363742,0
40385248,0
40406137,1
40418848,0
40420824,1
40442685,1
40446483,0
40471456,1
40476444,1
40496713,0
40563543,0
40583648,0
40647689,1
40692997,0
40719914,0
40746984,0
40760278,0
40764827,0
40778878,0
40833536,0
40857974,0
40860073,0
40867199,1
40869640,0
40875793,0
40876360,1
40896051,0
40897948,0
40897956,1
40903968,1
40941978,0
40993911,0
41038477,0
41040616,0
41055686,0
41092683,1
41102831,1
41145529,0
41195771,0
41295265,0
41296594,0
41327376,0
41341377,0
41351000,1
41362714,1
41372548,0
41389504,0
41409434,1
41464880,1
41479528,0
41481449,1
41500253,0
41501194,1
41535586,1
41554246,1
41559393,0
41578363,1
41579687,1
41586982,1
41640178,0
41664484,0
41690012,0
41698990,1
41709977,1
41751237,0
41776109,0
41794200,0
41795652,1
41800699,0
41802033,1
41818896,0
41848439,0
41883123,0
41897244,0
41906063,1
41979725,0
41992709,0
41994216,1
42017548,1
42024542,0
42072627,1
42080985,0
42116649,0
42120046,1
42171522,0
42200448,1
42212282,0
42224738,0
42243112,0
42289140,0
42325898,1
42332177,0
42336348,1
42377372,1
42389662,0
42392677,0
42401252,0
42432111,0
42434914,0
42437132,1
42456089,1
42486915,1
42497610,1
42525827,1
42530651,0
42535530,1
42569250,0
42608796,0
42664153,0
42675677,1
42684508,1
42690878,0
42707334,0
42739747,0
42760572,0
42770948,0
42786089,0
42831512,1
42875298,0
42907328,0
42912693,0
42922051,0
42974764,0
43007878,0
43029897,1
43033204,1
43033955,0
43052540,0
43053910,1
43067024,1
43071651,0
43096668,1
43101875,1
43116642,0
43176407,1
43185890,0
43206092,1
43229505,0
43242574,0
43251285,1
43256508,0
43260946,0
43265886,1
43302228,0
43302799,0
43308316,0
43344193,1
43348186,1
43349067,0
43351675,0
43360043,1
43366434,0
43404829,0
43412265,0
43443535,0
43449732,0
43455017,0
43455814,0
43486303,0
43500206,1
43507822,0
43508690,0
43518637,0
43541721,0
43574809,0
43575244,0
43623805,0
43643719,0
43651699,0
43658991,0
43683025,0
43696721,1
43700781,0
43724217,0
43791698,0
43806499,0
43827517,0
43828837,1
43843716,0
43870947,1
43878812,0
43883429,1
43897644,1
43919872,0
43929601,1
43932234,1
43964619,0
43975042,1
43982191,0
43989449,0
44004813,1
44032891,1
44048507,0
44053052,0
44078314,0
44088098,1
44088375,1
44088384,0
44091544,1
44119057,1
44183268,0
44204720,0
44218140,1
44259216,0
44287411,1
44293931,1
44295002,0
44296916,1
44326515,1
44351953,0
44365751,0
44382865,1
44401058,1
44423593,0
44428883,0
44464347,0
44542783,0
44553308,0
44560695,1
44583702,0
44587183,1
44594420,1
44604160,0
44622509,0
44628576,0
44690429,0
44696034,1
44752593,1
44768876,1
44791464,0
44852232,0
44859584,0
44900560,0
44917685,0
44922676,0
44931694,1
44932135,0
44934829,0
44940747,0
44942399,1
44955469,1
44955517,0
44995389,1
44995621,1
45009124,0
45037000,0
45041246,1
45060165,1
45121979,0
45181879,1
45188066,1
45202948,1
45217783,1
45237435,1
45256701,0
45269280,1
45281202,1
45283736,0
45300692,0
45303695,0
45328868,1
45329741,0
45346957,1
45358721,0
45368372,0
45457304,0
45475994,0
45481471,1
45488797,0
45489317,0
45531777,1
45551635,1
45556066,0
45640177,0
45675076,0
45684141,1
45688727,1
45690356,1
45727451,0
45730545,0
45745699,1
45800537,1
45816630,0
45822742,1
45838092,1
45840984,1
45841105,1
45865641,0
45875722,1
45876270,0
45906847,0
45957566,0
45978067,1
46020307,0
46033411,1
46047767,1
46048610,0
46064837,0
46064978,1
46092218,0
46151170,1
46159044,0
46172099,0
46179187,0
46243117,1
46282626,0
46308211,0
46313874,0
46331364,1
46340611,0
46347377,0
46361357,0
46385661,0
46386788,1
46387507,0
46390311,0
46396122,0
46418418,1
46468999,0
46476159,0
46484836,1
46511538,0
46511587,0
46538741,0
46554016,1
46563452,0
46630419,0
46647554,1
46663726,0
46708374,1
46725179,0
46735716,0
46761557,1
46770712,0
46786916,0
46793865,0
46798710,0
46830405,0
46863427,1
46878261,0
46880229,1
46884656,0
46889673,0
46919754,0
46991916,0
47012279,0
47033760,0
47045717,1
47047038,0
47077439,1
47182423,1
47182551,1
47199872,0
47208859,0
47215767,1
47237364,0
47242901,1
47253685,0
47260073,0
47294971,0
47297774,1
47303498,0
47343094,1
47398853,0
47401306,0
47405170,1
47420127,0
47429724,0
47431960,0
47452606,1
47458170,0
47460277,1
47505838,0
47507075,0
47510889,0
47529255,0
47531480,0
47539076,0
47558367,1
47580540,1
47585411,1
47591281,0
47617820,1
47618093,0
47626922,1
47659651,0
47675350,0
47683934,1
47690924,1
47702269,1
47709173,0
47730674,0
47745816,0
47790040,1
47866758,1
47888964,0
47894523,1
47913926,0
47919936,1
47948323,1
47977227,1
47984837,0
48014778,0
48022224,0
48027333,0
48034133,0
48037350,0
48042305,0
48044501,1
48045562,1
48069528,0
48079852,0
48102870,1
48127702,0
48145544,1
48157416,0
48179033,1
48217732,1
48221039,0
48252879,0
48259488,1
48334029,0
48347209,1
48357101,0
48363677,1
48427972,0
48531199,0
48559423,0
48571224,0
48577741,0
48599675,0
48621337,0
48623161,1
48634878,0
48637399,0
48641542,0
48648367,1
48667873,0
48668932,0
48702244,0
48718461,0
48723688,0
48724773,0
48725235,1
48726165,0
48730547,1
48784192,0
48797329,0
48799877,1
48800250,1
48804580,0
48811267,1
48845632,0
48850599,1
48878941,0
48883897,0
48886534,0
48951086,0
48996052,1
49021415,0
49022988,1
49078377,1
49105790,0
49152932,1
49167689,1
49196794,1
49206295,1
49231161,0
49240965,0
49242678,1
49271101,1
49281309,0
49290500,1
49329354,0
49340482,0
49362248,1
49372598,0
49373366,1
49380983,1
49389392,0
49405165,0
49418321,0
49487047,1
49492671,1
49496679,1
49506181,1
49509319,0
49518359,0
49518575,1
49539156,1
49562494,0
49576911,0
49597225,0
49615907,0
49639606,0
49677053,1
49709568,1
49717256,0
49720345,1
49741899,0
49750376,1
49771679,0
49794922,0
49858273,0
49870580,1
49915263,0
49942465,0
49958445,1
49962249,1
49968413,0
49986719,1
49993127,0
49993592,1
50015643,1
50022247,1
50023400,1
50028255,0
50040654,0
50070901,1
50092461,1
50104663,0
50122338,0
50136440,0
50154148,1
50158798,0
50175415,0
50241887,0
50243703,0
50244171,0
50244470,0
50259545,0
50264143,0
50277446,1
50279359,1
50289421,0
50303274,1
50315509,1
50326299,0
50359023,0
50365816,0
50386106,0
50390128,0
50415893,0
50417461,0
50422915,1
50448070,1
50461632,0
50493616,1
50510898,0
50511640,0
50528186,0
50533312,0
50538296,0
50538728,0
50554471,0
50555760,1
50567148,0
50671899,0
50679080,0
50684412,0
50704213,1
50705044,0
50711288,1
50718965,1
50724055,1
50739842,0
50759166,0
50771503,0
50789451,0
50833993,0
50843568,0
50849907,0
50855985,1
50882690,1
50888959,0
50889874,0
50900295,1
50923536,1
50969081,1
50982806,1
50992468,1
51006881,1
51039410,0
51044634,1
51064995,0
51085817,1
51090065,0
51103454,0
51139384,0
51157046,1
51163297,0
51168843,0
51180296,0
51215287,0
51220102,0
51256781,0
51263548,0
51303646,1
51339523,1
51397989,0
51412004,1
51422935,0
51452944,1
51474923,0
51487688,1
51498902,1
51538727,0
51552533,0
51560261,1
51572687,0
51614070,1
51643104,0
51647659,1
51664438,0
51724285,0
51725812,0
51735819,1
51748251,0
51774933,0
51814792,1
51817116,1
51833821,1
51843774,1
51856663,1
51864889,1
51872992,0
51875451,0
51878854,1
51884070,0
51895042,0
51895963,1
51901429,0
51927782,0
51942992,1
51963748,0
51985818,0
51988903,0
52016848,1
52021500,1
52038671,0
52052397,1
52108186,1
52124246,0
52128818,0
52154009,0
52163529,0
52164555,0
52171969,1
52180965,0
52195622,0
52223553,0
52230779,0
52247298,1
52252570,0
52268847,0
52270651,0
52285155,1
52294363,1
52308291,0
52318836,0
52334144,0
52337059,0
52338784,1
52362852,1
52427673,1
52432207,0
52465375,1
52467400,1
52487964,0
52533265,0
52539658,1
52546896,0
52551939,0
52590365,1
52632493,0
52654848,0
52693772,0
52704417,1
52711362,1
52713844,0
52728930,0
52751137,0
52807209,0
52818979,1
52844931,1
52887630,1
52915719,0
52918197,1
52920203,1
52920482,0
52959712,1
52986979,0
53004082,1
53022588,0
53025414,0
53030387,1
53041557,0
53046721,0
53054428,0
53060235,1
53104046,0
53106121,0
53142960,0
53150360,1
53182388,1
53187174,0
53210164,0
53220790,0
53226618,0
53233866,1
53267005,1
53270984,0
53324956,1
53347441,0
53420538,0
53456506,0
53469193,0
53496127,0
53498270,1
53500246,0
53532724,1
53534105,1
53543301,0
53576335,0
53581715,0
53598146,0
53600109,0
53615144,0
53633857,1
53634052,0
53671196,0
53744082,0
53767310,0
53767431,1
53768883,0
53840713,1
53865896,0
53870729,0
53871480,0
53871501,1
53876052,0
53902034,0
53903047,0
53939059,0
53966407,1
53983169,0
54020236,1
54039350,0
54050977,0
54060106,1
54075206,1
54102818,0
54135312,1
54159798,0
54170100,0
54178920,1
54183771,0
54198385,1
54204552,1
54213419,1
54222740,1
54237847,0
54239540,0
54242677,0
54251939,0
54254824,1
54260975,1
54277873,1
54291057,0
54301346,1
54317229,0
54318066,0
54323687,1
54339216,1
54342445,1
54378661,0
54382764,1
54415271,0
54422497,1
54472534,1
54547823,1
54564944,0
54572877,1
54575195,0
54587970,0
54638943,0
54651422,0
54670859,1
54671473,0
54698115,0
54715165,0
54717962,0
54725127,0
54788445,0
54788769,0
54788820,0
54792716,0
54853764,0
54900499,1
54934297,0
54943645,0
54952605,1
54952697,0
54967647,1
55033313,0
55049874,1
55060258,0
55067717,0
55111481,1
55175651,0
55183007,0
55220894,0
55231907,1
55263565,0
55295382,0
55314407,0
55317106,0
55326457,0
55330877,0
55332211,0
55334976,0
55340940,0
55352980,1
55383033,1
55421143,1
55481862,0
55486042,1
55487707,0
55498726,0
55499325,1
55508026,0
55510702,0
55531429,0
55553516,1
55577532,1
55581959,1
55596840,1
55640098,0
55646284,1
55648803,1
55688123,1
55718584,1
55727321,0
55801242,0
55806700,0
55814783,0
55833426,0
55876330,0
55903621,1
55950133,0
55956813,0
55957684,1
55960982,1
55964982,0
55965186,0
56040585,1
56068657,0
56130677,1
56163361,0
56163625,0
56171025,0
56194467,0
56208169,1
56217082,1
56235210,0
56246867,1
56255167,1
56256199,1
56256866,1
56260956,0
56274116,0
56305209,0
56324480,1
56348875,1
56355950,0
56359285,1
56362626,0
56379920,1
56397701,0
56410819,0
56418458,0
56429088,0
56475613,0
56529513,0
56564237,1
56567993,1
56577231,0
56593871,1
56633839,0
56634696,0
56657132,0
56704684,1
56716783,0
56724927,0
56753255,1
56828362,1
56834048,1
56866469,0
56876284,0
56882507,0
56911080,0
56915240,1
56936565,1
56936670,0
56938637,0
56966947,0
56973969,0
56976108,0
56990028,1
56991184,1
57045876,1
57111840,0
57134050,1
57136416,1
57144079,0
57155809,1
57156936,0
57179699,0
57194839,0
57218957,1
57225056,0
57279912,0
57281347,0
57289585,0
57304125,0
57306866,0
57317773,0
57359462,0
57375830,0
57387682,0
57387836,1
57388599,0
57419006,1
57431567,0
57445668,0
57459909,0
57490067,1
57522026,1
57533611,0
57558208,0
57667764,1
57672624,0
57676142,1
57692926,0
57693883,0
57696578,0
57698011,1
57704018,1
57705313,0
57718720,0
57728796,0
57760894,1
57779763,0
57792287,0
57795299,0
57799571,1
57804526,0
57821395,0
57826542,0
57849033,1
57857875,1
57858072,0
57886111,0
57914670,0
57919768,1
57925394,0
57953970,0
57956596,1
57966575,0
57989074,0
58012131,1
58018651,0
58022918,0
58024792,1
58055085,1
58095082,0
58105879,0
58159497,1
58174767,0
58191099,1
58191497,0
58263676,1
58270859,1
58331978,0
58349379,0
58362249,0
58380485,1
58397652,1
58412697,1
58412730,0
58415730,0
58432388,0
58434786,0
58452513,0
58458206,0
58458848,0
58480790,1
58503774,1
58512359,0
58515554,0
58543977,0
58555242,0
58564586,0
58646599,1
58671620,1
58674269,0
58717524,1
58751096,1
58752463,1
58769051,0
58800820,1
58839703,0
58847890,0
58864960,0
58877508,1
58880782,0
58918873,1
58925938,0
58935503,1
58967769,1
58967927,0
58984822,0
58994892,1
59011966,0
59020793,0
59028067,1
59033230,0
59061166,0
59080907,1
59090336,1
59100827,1
59178451,0
59199712,0
59205083,1
59229459,0
59264230,0
59286204,0
59312799,0
59314382,0
59316914,0
59351723,1
59354420,1
59369664,0
59373207,0
59383369,1
59395690,0
59399482,0
59425000,1
59444714,0
59462323,1
59507598,1
59511606,0
59517038,0
59522415,0
59534960,0
59563864,0
59571703,0
59610417,0
59618632,0
59623210,0
59640537,0
59655260,1
59660376,1
59698598,0
59706926,0
59708935,0
59714126,1
59721038,1
59729914,1
59754603,1
59759935,1
59774600,1
59775868,0
59789741,0
59809996,1
59828572,0
59874114,0
59880736,0
59920622,1
59949184,0
60011333,1
60013905,1
60051902,0
60052114,1
60055746,1
60080754,0
60102996,0
60107189,0
60251284,0
60261314,0
60261332,0
60262639,0
60275560,1
60299766,0
60352374,0
60451820,1
60455481,0
60478514,0
60507607,1
60520621,0
60521655,1
60566411,0
60572558,1
60578432,1
60594800,0
60595997,1
60619731,0
60629823,0
60646453,1
60651022,1
60666822,0
60682212,0
60682293,0
60687184,1
60690382,1
60691951,0
60700043,0
60705884,0
60708624,0
60730596,1
60740353,1
60745859,0
60765954,1
60768675,1
60782423,0
60814352,1
60840982,1
60846309,0
60927643,0
60929503,1
60947755,0
60962411,0
60984349,1
60996599,1
61021389,0
61028062,0
61043807,0
61051028,0
61077299,1
61084638,0
61088841,0
61095842,0
61096923,0
61147938,0
61154474,0
61156613,0
61165720,1
61180363,0
61191899,1
61201453,0
61214499,1
61233383,1
61258319,1
61262851,0
61267781,0
61322929,0
61400345,1
61425274,0
61426908,1
61435464,1
61474257,0
61476971,1
61478356,0
61486294,0
61487973,1
61491992,0
61492497,1
61508392,1
61520197,0
61550148,0
61556266,0
61600722,0
61605625,0
61607230,0
61608279,0
61651583,0
61693300,1
61705153,1
61723807,0
61725768,0
61729895,0
61733762,0
61759750,1
61773212,1
61783054,0
61801912,0
61820424,1
61827759,1
61830510,1
61846429,0
61855566,0
61867037,0
61963941,0
61965479,0
61979209,1
62018683,0
62021326,0
62035882,0
62056589,0
62058483,0
62063574,0
62065520,1
62067279,1
62091637,1
62176111,1
62190668,0
62194219,0
62195497,0
62203809,1
62212972,0
62219507,0
62242425,1
62255668,1
62279728,0
62290562,0
62293623,1
62331358,0
62333573,0
62409696,1
62417069,0
62423993,1
62461320,0
62468021,0
62469811,1
62480533,1
62519269,1
62521095,1
62526324,1
62545703,1
62546695,0
62558419,1
62558908,0
62560797,1
62618441,0
62667006,0
62674003,0
62686064,0
62689626,1
62696744,0
62705327,0
62711325,0
62712543,0
62720650,0
62732043,0
62747767,0
62765622,0
62765992,1
62788206,1
62792997,0
62844318,0
62845748,1
62866480,0
62869333,1
62873862,0
62894151,0
62894522,0
62926431,0
62949120,1
62949306,0
62952110,1
62953238,0
62980143,0
62992339,0
63029910,0
63031921,1
63047782,0
63079592,0
63103007,0
63154424,0
63164367,0
63177016,0
63208040,0
63230993,1
63239624,0
63258001,0
63264391,0
63272651,1
63273904,1
63279758,0
63312777,0
63340323,0
63358769,1
63387226,0
63447496,0
63455405,1
63489632,1
63496046,0
63502040,0
63511422,0
63580579,1
63629673,1
63641040,1
63650300,1
63658926,0
63662657,0
63696874,0
63753607,0
63765513,0
63780637,1
63794355,0
63803387,1
63820085,0
63822647,0
63851127,1
63885141,0
63890219,0
63911015,0
63918560,0
63935988,1
63938662,1
63942901,1
63945144,0
63945295,1
63990830,0
64022197,1
64137546,0
64144382,0
64148109,0
64150380,1
64152626,0
64182959,1
64199511,1
64233541,1
64282471,0
64300411,0
64317832,0
64392693,1
64405111,0
64406500,0
64462169,1
64526583,0
64537633,0
64573023,0
64578784,0
64586546,1
64588883,0
64596080,1
64609547,0
64626015,0
64633957,0
64640178,0
64662732,0
64700778,1
64731476,0
64780628,0
64834605,1
64860596,0
64879113,0
64879269,0
64885395,1
64887111,0
64896492,0
64896820,1
64899203,0
64910612,1
64912069,0
64943783,0
64954784,0
64957004,1
64989812,0
65000286,1
65028760,0
65039403,1
65065700,0
65071205,0
65076135,0
65079993,1
65106673,0
65113169,1
65116177,1
65118937,0
65195660,0
65207653,1
65216043,0
65225806,1
65262260,0
65272018,1
65284556,1
65285967,0
65287802,0
65309353,0
65343414,0
65372062,0
65372407,1
65378626,0
65478182,0
65479181,0
65487779,1
65519330,0
65541015,0
65570423,0
65591421,0
65592963,0
65651223,1
65714716,0
65726485,0
65784395,0
65821292,1
65824453,0
65826288,0
65837675,0
65847992,1
65876173,1
65890194,0
65898264,0
65931542,0
65934421,0
65941988,0
65949427,0
65967738,1
65988962,1
66001331,1
66005238,1
66046584,1
66054103,0
66054613,0
66111871,0
66126383,0
66127544,0
66155605,0
66161191,0
66167759,0
66197189,0
66221183,0
66251867,1
66259910,1
66259975,0
66283533,0
66284864,1
66341616,0
66368681,0
66374002,0
66377942,1
66385888,0
66386610,0
66391640,1
66405094,0
66408257,1
66412577,1
66432571,1
66438963,0
66441893,1
66446816,0
66459830,1
66508875,1
66513810,0
66521568,1
66537758,1
66550353,1
66559016,1
66579709,1
66606264,0
66637782,0
66639060,1
66653839,0
66655372,0
66680041,0
66691823,1
66692551,0
66692879,1
66706042,1
66712111,1
66771105,0
66780877,1
66782430,0
66796538,0
66806135,1
66807938,0
66815022,0
66839427,0
66839939,0
66854190,1
66878432,0
66902744,0
66929747,1
66933413,0
66947216,1
66956456,0
66973985,1
66994256,0
67012357,1
67019902,1
67084606,1
67085779,0
67097954,0
67110702,0
67113156,0
67162018,1
67178323,1
67179343,1
67185780,0
67197114,0
67220870,0
67249148,0
67253200,1
67257577,1
67266577,1
67279512,0
67293022,1
67320556,0
67382134,1
67415756,1
67443753,0
67479122,0
67483188,0
67484313,1
67494856,1
67499533,0
67541090,1
67607515,0
67627983,0
67639701,1
67640867,0
67653454,0
67653838,1
67679225,0
67721902,1
67745337,0
67762997,0
67767993,0
67774174,0
67775812,0
67786245,1
67789341,0
67791832,0
67809277,1
67811037,0
67820987,0
67824109,1
67832424,0
67867720,0
67871912,0
67875141,1
67895673,1
67912143,1
67915455,1
67931664,0
67983418,1
68005308,1
68022468,1
68046964,1
68095940,1
68100953,0
68118072,0
68119076,0
68119162,0
68135865,1
68145665,1
68160400,0
68170271,0
68170978,0
68178855,0
68213586,1
68241474,1
68245915,0
68263707,1
68271835,0
68339067,0
68367692,0
68368307,0
68375319,0
68379319,0
68382814,1
68395411,1
68402810,0
68417127,1
68430020,1
68456520,1
68472291,0
68479075,1
68502270,0
68502295,0
68595017,0
68618118,1
68634969,0
68696496,1
68705404,1
68711935,0
68712033,1
68715122,0
68735940,0
68744599,1
68763231,0
68763273,0
68779920,1
68788926,0
68829707,0
68831056,1
68836398,0
68837025,1
68843429,0
68844508,0
68871895,1
68886141,0
68898977,1
68901988,1
68908346,0
68914136,1
68917319,0
68930784,1
68946384,0
68957936,0
68975829,1
68982285,0
68989063,0
68998986,0
69003332,0
69030805,1
69072596,1
69087031,1
69091708,0
69097120,1
69113105,1
69116545,1
69156742,0
69158271,1
69160254,1
69164900,1
69173213,0
69177242,0
69184045,0
69188353,1
69194581,0
69210069,1
69212614,0
69217078,0
69233083,0
69262241,1
69282750,1
69311320,1
69338629,0
69379901,0
69384424,0
69407766,1
69410008,0
69414500,1
69422866,0
69423386,0
69424230,1
69427534,0
69431075,0
69435006,0
69482934,1
69486156,1
69486905,0
69500843,1
69519302,0
69525670,0
69545953,0
69576116,0
69591217,1
69608881,0
69628241,0
69632664,0
69682401,0
69723266,0
69743508,0
69750641,1
69774047,1
69774726,1
69818896,1
69819356,0
69819562,0
69851189,0
69852553,1
69853659,1
69855054,0
69866997,1
69880084,0
69897067,0
69919045,0
69931619,0
69960249,1
69983374,1
69985046,0
70009722,0
70011414,1
70022496,0
70050019,1
70053002,0
70071751,0
70094131,1
70111962,0
70131624,1
70132216,0
70149537,0
70177523,0
70181094,0
70221870,0
70223302,0
70245842,0
70255118,1
70255702,1
70259489,0
70266188,0
70269194,1
70276817,0
70293040,1
70305255,0
70393206,0
70403504,1
70443868,1
70450770,0
70453144,0
70481454,0
70496045,1
70536205,1
70611824,1
70627537,1
70649750,0
70676031,0
70679098,0
70691249,0
70706044,1
70711092,0
70734433,1
70738943,0
70771161,1
70785760,0
70804500,0
70807588,1
70815225,0
70836864,1
70842808,0
70844807,1
70868631,1
70876633,1
70887511,0
70903766,1
70955550,0
70965439,1
70976390,1
70999128,1
71000804,1
71003537,0
71011779,0
71028711,0
71052649,0
71056612,0
71075769,1
71097371,1
71124809,0
71129621,0
71132128,1
71132573,0
71148297,1
71156963,0
71172845,0
71182569,0
71219986,0
71223043,0
71255275,0
71295159,1
71295573,1
71297465,1
71304809,0
71305734,1
71309434,0
71310581,0
71359945,0
71388399,0
71424379,0
71438104,1
71438653,0
71442043,0
71472576,1
71478073,0
71479458,0
71484050,1
71494474,0
71515001,0
71549602,0
71583280,0
71585434,0
71594251,0
71602958,1
71610656,1
71646882,0
71652747,1
71693785,1
71722178,1
71725713,0
71729380,1
71740249,0
71760164,0
71800865,0
71809750,1
71897508,1
71967553,1
71992767,1
72020832,0
72068764,0
72074537,0
72094771,0
72124602,0
72150216,0
72170469,0
72173017,0
72198033,1
72210496,1
72257092,0
72272061,0
72280861,0
72305748,1
72306089,0
72349623,1
72350037,1
72351534,1
72395914,0
72416529,0
72417930,0
72465852,0
72475606,1
72491738,0
72520867,1
72542308,1
72578729,1
72581676,1
72617223,1
72638988,0
72665850,0
72672059,0
72709824,0
72767731,1
72811648,1
72835841,0
72839418,0
72841721,0
72849521,0
72849824,0
72861788,0
72899637,1
72964603,1
72966581,1
72971019,0
72980464,0
72981855,1
73024899,0
73048124,0
73122037,1
73141435,1
73190502,1
73216986,1
73244147,0
73249115,0
73275482,1
73286409,1
73298263,0
73361863,1
73362946,0
73371518,0
73422581,0
73476198,1
73485330,1
73485837,0
73521226,1
73535744,1
73591077,1
73597202,0
73608978,0
73617964,1
73650512,0
73660883,0
73663449,0
73671098,0
73678342,1
73683144,1
73713083,1
73726134,1
73790756,0
73806773,0
73816808,0
73849150,1
73872256,1
73872381,1
73934004,0
73934242,0
73937380,1
73978536,0
74078757,0
74080223,0
74087053,0
74167347,0
74170131,1
74200843,0
74219918,0
74229504,1
74244561,1
74259454,1
74259657,0
74280544,0
74302032,0
74308671,0
74318186,0
74325055,1
74346272,0
74350662,0
74373668,1
74377151,0
74400961,1
74415734,1
74416472,0
74422340,1
74434006,0
74472760,0
74477184,1
74487713,0
74493125,0
74511726,0
74535219,0
74547573,1
74557021,1
74561264,0
74586179,1
74601577,0
74622150,1
74670452,1
74672877,0
74706250,0
74724974,0
74739087,0
74782533,1
74788970,0
74818932,1
74823515,0
74834871,1
74841280,1
74859965,1
74869129,0
74882109,0
74885433,0
74888128,0
74900467,0
74902336,0
74908236,1
74922595,1
74935567,1
74941028,1
74993908,0
75018500,0
75030693,0
75062489,1
75083548,0
75094329,0
75112022,0
75135775,0
75152631,1
75184144,1
75232682,0
75239101,1
75247895,1
75265299,0
75280625,0
75291508,0
75294753,1
75320667,0
75331836,1
75332597,1
75436701,0
75513986,0
75557297,0
75565015,1
75577029,0
75626333,1
75642138,0
75654279,0
75702250,1
75725495,0
75732623,0
75745243,0
75758032,0
75771625,0
75782090,0
75804613,1
75840955,0
75872015,0
75884389,0
75884575,0
75928515,1
75928889,0
75932477,0
75966620,1
75969360,0
75981645,0
76015200,0
76031001,0
76071264,1
76078970,1
76135757,0
76143904,0
76148767,0
76149971,1
76157346,0
76175773,1
76180051,1
76197720,0
76224160,0
76227461,1
76255884,0
76276894,0
76290052,0
76293085,1
76296911,0
76309530,1
76319045,1
76323092,1
76342122,0
76370825,1
76373441,1
76396585,1
76425952,0
76483296,0
76484647,1
76485369,0
76535973,0
76552211,0
76572844,0
76585283,0
76609018,0
76627179,0
76631097,0
76637977,1
76653183,1
76695269,0
76724746,0
76726840,0
76729131,1
76744566,1
76745264,1
76784284,0
76798138,0
76824124,0
76878189,0
76894502,1
76894644,0
76951372,1
76960102,0
76985075,0
76994460,0
77000826,0
77022131,0
77027045,0
77120891,0
77138278,0
77158624,0
77189596,0
77217372,1
77225089,0
77244199,0
77250893,1
77264805,0
77294326,0
77310318,0
77342468,1
77345402,1
77373457,0
77382014,0
77387014,1
77390614,1
77392491,1
77401638,0
77406171,1
77414546,0
77433317,0
77467903,0
77478864,1
77493872,0
77504486,0
77527844,0
77534591,0
77562323,1
77623937,1
77638362,1
77640260,0
77659887,0
77692727,0
77731131,0
77733397,1
77764947,0
77769847,0
77890116,1
77915571,1
77919682,0
77929053,0
77946509,0
77962723,0
77965135,0
77988158,1
78004734,1
78016815,1
78041970,0
78056345,0
78059616,0
78060005,0
78060202,1
78074842,0
78074886,0
78086677,0
78115734,0
78120834,1
78135576,1
78142787,0
78143198,0
78146759,0
78151090,0
78189606,1
78191111,0
78214792,0
78231048,0
78245337,0
78249829,0
78290513,0
78338429,1
78343889,1
78397485,1
78442128,1
78509549,1
78516022,0
78524507,0
78531301,1
78534502,0
78543536,0
78588542,1
78601383,1
78609927,1
78632151,1
78651337,0
78687935,0
78696148,1
78699542,0
78699945,1
78715506,0
78735153,1
78769485,0
78771917,0
78784144,1
78838958,0
78840598,0
78882281,1
78891230,0
78910742,0
78920870,1
78926181,1
78928254,0
78929525,0
78945336,1
78946008,0
78968644,0
78972485,1
78972674,0
78973765,1
79014308,1
79019728,1
79020294,0
79027761,1
79033830,1
79050134,0
79067856,0
79078279,0
79080765,0
79091719,0
79094523,0
79097835,0
79100984,1
79129021,0
79151447,0
79154887,0
79185516,0
79257150,0
79266602,1
79292995,0
79336481,1
79340157,0
79343763,1
79386498,1
79394443,1
79406967,0
79411101,0
79417844,0
79434218,0
79460995,0
79475734,1
79503709,0
79507631,0
79508235,0
79509821,1
79525037,1
79535124,1
79545193,0
79547704,1
79548877,1
79560247,0
79618076,0
79656101,0
79656944,0
79663593,0
79673829,0
79686083,1
79693681,0
79700210,0
79718998,0
79721416,0
79731275,1
79743816,1
79753190,1
79768756,0
79772876,0
79781002,1
79829118,1
79829307,1
79856021,1
79863267,1
79898183,1
79944820,0
79949352,0
79986586,0
79991799,0
80000740,1
80003630,1
80018462,0
80030297,0
80036435,0
80036968,0
80078991,0
80097791,0
80126136,1
80149177,0
80156603,0
80219515,0
80227153,0
80228441,0
80257444,1
80260050,1
80273187,0
80288822,1
80323853,0
80350601,0
80357582,0
80404944,0
80442678,1
80457800,1
80479813,0
80481511,1
80486578,1
80503782,0
80520573,1
80528800,0
80532555,1
80550799,1
80554842,0
80577936,1
80593292,1
80608255,1
80621110,1
80634018,0
80639623,0
80641463,0
80643755,1
80648452,0
80652578,0
80657098,0
80709702,1
80767364,0
80773037,0
80774707,0
80777171,0
80788052,0
80799043,0
80813684,1
80825712,1
80846785,0
80898714,0
80912446,1
80918369,0
80985576,0
81019677,0
81024402,0
81033162,0
81044200,0
81052875,0
81058411,0
81059548,0
81069266,1
81079205,1
81103402,0
81107117,0
81108258,0
81116147,1
81122225,0
81124295,0
81229400,0
81263616,1
81309914,1
81320270,0
81328527,1
81344547,1
81356653,1
81361485,0
81362986,0
81375603,1
81395117,0
81406937,0
81425571,1
81430032,0
81438152,1
81456942,0
81458839,0
81466753,0
81467417,1
81470959,1
81515147,1
81532217,0
81532585,0
81533411,1
81557228,0
81559146,0
81570603,1
81571693,0
81585158,1
81586796,0
81607414,1
81632040,0
81646426,0
81648450,0
81663496,0
81681144,0
81714080,1
81714142,0
81748918,0
81793348,1
81794543,1
81814430,0
81823257,0
81827080,0
81919645,1
81924360,1
81936787,0
81940085,0
81958100,0
81978525,0
81988398,0
82061754,1
82064442,0
82074423,0
82081411,0
82161179,0
82167186,0
82184997,0
82192023,1
82212137,1
82224334,1
82252791,1
82264389,1
82267151,0
82267378,1
82269357,0
82311258,0
82320167,0
82322830,0
82324932,0
82326978,0
82327368,1
82341136,0
82381561,1
82422425,1
82428143,1
82441861,1
82511394,1
82530439,1
82544495,0
82572395,1
82576700,1
82612822,0
82616009,1
82643740,0
82667426,0
82682405,0
82682741,1
82703328,1
82706269,0
82716394,0
82719420,0
82757910,0
82793367,0
82818291,0
82824950,0
82837590,0
82850777,1
82859102,0
82888408,1
82891795,0
82892644,0
82895002,0
82923038,0
82955159,0
82959008,1
82960179,1
82973742,0
83011919,0
83013177,1
83013203,1
83014567,1
83024547,0
83046421,0
83048215,0
83051649,1
83068288,0
83068907,0
83071163,0
83079200,1
83094050,0
83143755,0
83151045,1
83153001,1
83160972,0
83178126,0
83189067,1
83209308,0
83236990,1
83259036,1
83268738,0
83289223,0
83300169,0
83307621,1
83312895,1
83368861,1
83378482,0
83430886,1
83431297,1
83445290,1
83485777,0
83527393,0
83532503,0
83572138,0
83587787,1
83622123,0
83642811,1
83653845,0
83722863,0
83743932,1
83797295,0
83818604,0
83864795,1
83869000,0
83889179,1
83896825,0
83899588,1
83920310,0
83922991,1
83931239,0
83951510,0
83976996,0
83990893,1
84025972,0
84065016,0
84078803,0
84111753,1
84120498,0
84144720,1
84171371,1
84197958,1
84200269,0
84209346,0
84245817,0
84275315,1
84290993,1
84313809,1
84330359,0
84333032,0
84351290,0
84352266,0
84393908,1
84421665,0
84423157,0
84425572,1
84434869,0
84465067,0
84502527,1
84510797,0
84514828,1
84565361,0
84578454,1
84623445,0
84625947,1
84642842,0
84734372,1
84755003,1
84780747,1
84791525,1
84825907,0
84831965,1
84861605,0
84866738,0
84893573,0
84905578,1
84940338,1
84971009,0
85034654,0
85093054,1
85127335,0
85130029,0
85187275,0
85229578,0
85237506,0
85238195,0
85251850,0
85259306,1
85286946,0
85407940,1
85445313,0
85454157,0
85467651,0
85470158,0
85487958,1
85489697,0
85509956,1
85527309,0
85588894,1
85631813,0
85647842,0
85659351,1
85673986,1
85679842,1
85680361,0
85699224,0
85731976,0
85733804,1
85738357,0
85740314,0
85765520,1
85781258,1
85791489,0
85797545,1
85806970,0
85808854,0
85858726,0
85859719,1
85865680,1
85868043,0
85894536,0
85936441,0
85939369,0
85943005,0
85968864,0
85986137,0
86041325,0
86043222,0
86048528,1
86065207,0
86090594,0
86093597,1
86097523,0
86139906,0
86142198,1
86142466,0
86146729,1
86146964,1
86150356,0
86155585,0
86166467,1
86197392,1
86222139,0
86244980,0
86272876,1
86284056,1
86298951,1
86318129,1
86320551,0
86330016,1
86343850,1
86345642,1
86359118,0
86363228,0
86382869,1
86400764,1
86431913,0
86440680,0
86495613,0
86500086,0
86508409,1
86513006,0
86522385,1
86552430,1
86556357,1
86597642,1
86602987,0
86615189,1
86625446,0
86639592,1
86649148,0
86655139,0
86677409,0
86686192,0
86693795,1
86697153,0
86697703,0
86702083,1
86787837,1
86802631,0
86817823,1
86858642,0
86872283,1
86885564,1
86902114,1
86902182,0
86911344,1
86928440,0
86946717,1
86954936,0
86955586,1
86972474,0
86974769,0
86986262,1
86991803,0
87018603,1
87018807,1
87021680,1
87037258,1
87076313,1
87103071,1
87121537,0
87139147,1
87139635,1
87139844,1
87144827,1
87144995,1
87154477,0
87161085,0
87164127,1
87176656,0
87185818,0
87205651,0
87215250,1
87264840,0
87268045,1
87321440,0
87327600,0
87338285,1
87357469,0
87362712,1
87366776,0
87374287,1
87407361,0
87409355,0
87415814,0
87426782,1
87452103,0
87466438,0
87473849,0
87496786,1
87518977,1
87525157,0
87615941,0
87616881,1
87636511,0
87637450,1
87661993,1
87665717,0
87668882,1
87691615,0
87701951,0
87723854,0
87756820,1
87777808,0
87804382,0
87805890,0
87834116,1
87848487,0
87870386,0
87871531,1
87884849,0
87902072,0
87903176,0
87903390,1
87905991,0
87920885,1
87983303,1
88036356,1
88038299,0
88051657,1
88052578,1
88071573,0
88079671,0
88090952,1
88119452,0
88137273,0
88184135,1
88216853,0
88238564,1
88240501,1
88244206,0
88252347,1
88254565,1
88257237,0
88275415,0
88289991,1
88308547,1
88316803,1
88330005,0
88332431,1
88342968,0
88363390,0
88382354,0
88404487,0
88415628,1
88422559,0
88443271,0
88451981,1
88458099,0
88499140,0
88518401,0
88520901,1
88523003,0
88573647,0
88583762,0
88588949,1
88630468,0
88645949,0
88651867,1
88662939,1
88676030,0
88692550,0
88697325,1
88721727,1
88749526,0
88752208,0
88756798,0
88854700,0
88880963,1
88920520,0
88935382,0
88942383,1
88944357,0
88969654,1
88969694,0
88972584,1
89034333,1
89043269,1
89059050,0
89071199,0
89074575,0
89118423,1
89119015,1
89131215,0
89136720,0
89142308,1
89142637,1
89178465,1
89189236,0
89200196,1
89207892,0
89213504,0
89239207,0
89257262,1
89268770,1
89272275,0
89295127,1
89296510,1
89333715,1
89341722,0
89359962,0
89365842,1
89374843,0
89376725,0
89384014,0
89386008,0
89402594,1
89402639,1
89412250,1
89423328,0
89452535,1
89459995,1
89473617,0
89474721,1
89475763,1
89532500,0
89589076,0
89600046,0
89641102,0
89653149,0
89670329,1
89720123,1
89722399,0
89725555,1
89733799,1
89744278,1
89763448,0
89802176,0
89803740,1
89810284,1
89810899,0
89814584,1
89824656,0
89857307,1
89859587,0
89861191,1
89897207,0
89912766,0
89921393,1
89925589,0
89940902,0
89944866,0
89949823,0
89977168,0
90035426,0
90046707,1
90059146,0
90061802,1
90071730,0
90076504,0
90092765,0
90115758,0
90118879,1
90145813,0
90156521,1
90160916,0
90166740,1
90170130,1
90199837,1
90217733,1
90233400,0
90239199,0
90243501,0
90244494,1
90283371,0
90309569,1
90321720,0
90340133,1
90340421,1
90363345,1
90386014,1
90392583,0
90419374,1
90424178,0
90435342,0
90446744,1
90504990,0
90520982,0
90601303,1
90616815,0
90627290,0
90627328,1
90663009,0
90673449,1
90683169,1
90692036,1
90712111,0
90734858,0
90773564,1
90790860,0
90826261,0
90832209,0
90840764,0
90856618,1
90884500,1
90888707,0
90895676,1
90956901,0
91002497,1
91017256,0
91072658,1
91164022,0
91168028,1
91168582,1
91175891,1
91192686,0
91214618,0
91294999,1
91304587,1
91335347,0
91337809,0
91341135,0
91356868,1
91356982,1
91365742,0
91371511,1
91435489,0
91449329,0
91472890,0
91473594,1
91508388,1
91528734,0
91552759,1
91574694,1
91588873,0
91609165,0
91612923,1
91621099,1
91634638,1
91635923,1
91642094,0
91648080,0
91662158,1
91674165,1
91707064,0
91711637,0
91734538,1
91762564,0
91781716,0
91806948,0
91811679,1
91816419,0
91835938,0
91843273,0
91851414,0
91861627,1
91884285,0
91884526,0
91914567,0
91933262,1
91936860,0
91939347,0
91958839,0
91970529,1
92009180,1
92037507,1
92099054,0
92109513,0
92111352,0
92118505,0
92119225,1
92128037,0
92147709,0
92150213,1
92152124,1
92152390,0
92155038,0
92156279,0
92175540,0
92204306,1
92223248,0
92241879,0
92246808,1
92288695,0
92289405,0
92289871,1
92296335,0
92335566,1
92358539,0
92375648,0
92383033,0
92401570,0
92421854,0
92426203,0
92454163,0
92498948,1
92504756,1
92515694,0
92526061,1
92529503,0
92536887,1
92541379,0
92562217,1
92583394,0
92597078,1
92597266,0
92612914,1
92635028,0
92647331,0
92688129,1
92718268,0
92724929,1
92753809,1
92759141,1
92784600,1
92794004,0
92797251,0
92804924,1
92807421,1
92818111,0
92820176,0
92825750,0
92830604,1
92832630,0
92838298,1
92884713,1
92908604,0
92922694,1
92932137,0
92951187,0
92956845,1
92957863,0
92989686,1
93000060,0
93002002,0
93008177,1
93020324,1
93129080,1
93145795,0
93155977,1
93165014,0
93165728,0
93194542,0
93231210,0
93246340,0
93271735,1
93286029,0
93323874,0
93345554,0
93353086,0
93406581,1
93408142,1
93413298,0
93442237,1
93462986,0
93488735,1
93496433,0
93526872,0
93529506,0
93559536,1
93578277,1
93583502,0
93586380,0
93611801,0
93621419,0
93636990,0
93668800,0
93691104,0
93701916,1
93735584,1
93742632,1
93761391,0
93768148,1
93773982,1
93780308,0
93781092,1
93823677,0
93826737,1
93831587,0
93835474,0
93861061,1
93910485,1
93957211,0
93960571,1
93983692,1
94000533,1
94022530,1
94024469,0
94032581,0
94048197,0
94049856,0
94058909,1
94107207,0
94166119,1
94172877,0
94183125,0
94196273,1
94206943,0
94213239,0
94213800,0
94227750,0
94243533,1
94252612,1
94260737,0
94265571,0
94276070,1
94285465,0
94287079,0
94322134,0
94322346,0
94323343,1
94328307,0
94347759,1
94357949,0
94420087,1
94453560,0
94482406,1
94509613,1
94530485,1
94535892,0
94544750,0
94546259,1
94551676,0
94576690,0
94618069,0
94629822,0
94633968,0
94645548,1
94645733,1
94653132,1
94653980,1
94735750,1
94742147,0
94771009,1
94772282,0
94776962,1
94802653,1
94832544,0
94833673,1
94837853,0
94897193,1
94898446,1
94911841,0
94919503,0
94935576,1
94952571,1
94969478,1
94986464,0
95011077,0
95035557,0
95058627,0
95073723,1
95079690,1
95084559,1
95124373,0
95132184,1
95139273,1
95144755,0
95150600,1
95169929,1
95172684,0
95173456,0
95184156,0
95204178,1
95205019,0
95242416,1
95295130,1
95307440,1
95348613,0
95356433,0
95396982,0
95434595,0
95444424,1
95459793,0
95517155,1
95522893,1
95525874,0
95528883,0
95552201,0
95575656,0
95589488,0
95590015,0
95593549,0
95622234,0
95647648,1
95649865,1
95651207,0
95680438,0
95704276,1
95710115,0
95720236,0
95732507,0
95781089,0
95786018,0
95790045,1
95793711,0
95812692,1
95815934,0
95859689,0
95869188,0
95877176,1
95879920,0
95892800,0
95892995,1
95922629,0
95926442,0
95940595,1
95947659,1
96012878,0
96052375,1
96066656,0
96069544,0
96108209,1
96120366,0
96120572,0
96125616,1
96157600,1
96160292,0
96166352,1
96172246,1
96224441,0
96250762,1
96254001,1
96287484,0
96290482,1
96370789,0
96381423,0
96384558,1
96459912,1
96459986,0
96469324,0
96472836,1
96475670,0
96476472,1
96488057,0
96499029,0
96520856,1
96534471,0
96573866,0
96588317,1
96590319,0
96622191,1
96636069,0
96637133,1
96670177,1
96678656,0
96720540,1
96741398,0
96763219,0
96767643,1
96799872,1
96802572,0
96828489,0
96896952,1
96900527,0
96907503,0
96993378,0
97002064,0
97029986,0
97053087,1
97054764,0
97071841,0
97082816,1
97091028,1
97100164,0
97106317,0
97111718,0
97113586,0
97129946,0
97131380,0
97151763,0
97164324,0
97190289,0
97211212,0
97232446,1
97245496,0
97271473,0
97272045,0
97280627,1
97318181,1
97359037,1
97361724,0
97404418,1
97428898,0
97435415,0
97438752,0
97447207,0
97474354,1
97497108,0
97524276,0
97559108,1
97598388,0
97601679,1
97607686,0
97660214,1
97665725,0
97694705,0
97714744,1
97725499,1
97751609,1
97765584,0
97773318,0
97777551,1
97818861,1
97829208,0
97844979,1
97881795,1
97883233,1
97889664,1
97896608,0
97912701,1
97924004,0
97924367,0
97936081,0
97960828,1
97967146,1
97969286,0
97976527,0
97980118,0
97980919,0
98031901,0
98041819,0
98047376,0
98051772,0
98089445,1
98096088,0
98134795,0
98135586,0
98152555,0
98154152,0
98183457,1
98187071,1
98200967,0
98221482,0
98227627,0
98252127,0
98260478,0
98286552,0
98315498,0
98317336,0
98338129,0
98347165,0
98388790,1
98399988,0
98411799,0
98431757,1
98435029,0
98477535,0
98485600,0
98487618,1
98488155,1
98502723,1
98506065,0
98550226,1
98566537,0
98566748,0
98588821,1
98589166,0
98634644,1
98647235,0
98742850,1
98742983,1
98780882,1
98793866,1
98824031,0
98831819,0
98849275,1
98855535,0
98856770,0
98912024,1
98921980,0
98939756,0
98948762,1
98984928,1
98989137,0
99064909,0
99071947,1
99094701,1
99113231,0
99145683,0
99154073,0
99160554,1
99161478,0
99178252,1
99202795,0
99206786,1
99235920,1
99238599,0
99255017,0
99296168,1
99302577,0
99347925,0
99373407,0
99407660,1
99408187,1
99408271,1
99425664,0
99474562,0
99492157,1
99529287,0
99543863,0
99574519,1
99589559,1
99594793,1
99595620,0
99611926,0
99643747,0
99648475,0
99655918,0
99660654,1
99685883,0
99693591,1
99695421,1
99709288,0
99817010,0
99818965,1
99850437,0
99886358,0
99910041,0
99925818,0
99940875,1
99950951,0
99954460,1
99999855,0
